X,Y,Z,DIP,dipdir,feature_name,dip
331912.79309319897,7309792.294013616,0,90.0,210,s1,
293538.9508214597,7325385.340094466,0,76.0,74,s1,
294091.6945021624,7326092.416171172,0,80.0,182,s1,
294167.0945024084,7326059.052962156,0,80.0,167,s1,
294200.5396468707,7326051.6744640265,0,81.0,166,s1,
294223.41361894936,7326044.245976074,0,68.0,172,s1,
224141.31503195764,7240000.749883395,0,71.0,183,s1,
224503.57146358537,7240711.725166401,0,24.0,57,s1,
224626.5417395765,7240875.601809774,0,11.0,74,s1,
224677.2701736872,7240528.982363155,0,16.0,25,s1,
224548.4865774645,7240317.215467705,0,31.0,188,s1,
224493.20643730118,7239909.15852652,0,71.0,175,s1,
224569.75260990585,7239932.873699359,0,3.0,58,s1,
206353.50340342137,7247958.3901306745,0,26.0,28,s1,
206457.34332064615,7248197.861386978,0,30.0,37,s1,
206469.6791037146,7248250.4606805425,0,54.0,31,s1,
206524.69537686207,7248303.29992526,0,30.0,31,s1,
206574.66519329732,7248350.930230243,0,34.0,163,s1,
206657.5771576992,7248414.447301516,0,36.0,172,s1,
206742.1877660266,7248645.310310006,0,30.0,177,s1,
225565.21567119128,7332219.658991139,0,72.0,197,s1,
225753.27039621415,7332345.31341453,0,76.0,353,s1,
225855.73325744085,7332377.096945075,0,40.0,340,s1,
226207.96274240012,7332171.1688611135,0,71.0,48,s1,
229306.70979972224,7330686.741011872,0,77.0,189,s1,
229739.98768827238,7330767.234627599,0,85.0,204,s1,
230009.04134181363,7330489.591141107,0,80.0,187,s1,
197832.68493743916,7299778.532291835,0,37.0,192,s1,
197813.670020492,7300172.042194036,0,23.0,180,s1,
197601.45497168205,7300341.547691714,0,59.0,191,s1,
197607.82900932047,7300484.378618892,0,65.0,198,s1,
197534.3915200187,7300697.555227422,0,45.0,202,s1,
197754.07730376843,7300975.238705718,0,43.0,22,s1,
197256.457092162,7301183.396335913,0,77.0,9,s1,
202714.6123156277,7297557.844305724,0,12.0,169,s1,
202845.64702734572,7297996.4250338655,0,28.0,8,s1,
203143.7178069768,7298775.126531387,0,88.0,198,s1,
203161.44637221738,7299094.451533703,0,44.0,32,s1,
203227.52032256662,7299384.212553676,0,2.0,201,s1,
300991.84999251366,7318945.560892806,0,26.0,220,s1,
300849.7081285383,7318238.884734694,0,19.0,171,s1,
300834.4945458111,7317839.516025038,0,33.0,187,s1,
300100.4577324159,7316889.959304569,0,1.0,166,s1,
261506.3442217837,7322535.280216539,0,36.0,35,s1,
260506.57683009873,7323588.545827404,0,30.0,12,s1,
316979.10730570863,7273035.455761704,0,35.0,77,s1,
317010.15290948434,7273030.656738531,0,64.0,65,s1,
317534.2422812581,7273629.434858976,0,21.0,128,s1,
317763.5509652848,7274125.853814333,0,64.0,353,s1,
311522.0075505463,7247908.540272651,0,60.0,346,s1,
229577.29718022037,7302930.940624711,0,60.0,115,s1,
225862.0743116067,7302062.457402244,0,50.0,205,s1,
225873.27216815978,7302055.808755556,0,46.0,215,s1,
225622.99430207972,7301477.866394072,0,78.0,30,s1,
224540.85917143675,7223827.841832004,0,57.0,189,s1,
225309.41308908042,7224186.898746941,0,71.0,229,s1,
195646.69512236404,7233174.48935255,0,34.0,241,s1,
196032.6171271435,7234804.827501869,0,32.0,250,s1,
196077.75487882382,7235152.666700197,0,18.0,301,s1,
196012.5137587475,7235072.932929786,0,27.0,244,s1,
195894.1199263404,7235752.784547975,0,37.0,264,s1,
195974.0221575761,7235914.561618706,0,41.0,268,s1,
194830.03494909086,7235435.499130689,0,13.0,171,s1,
311824.1847606354,7280808.073667858,0,,210,s0,30.0
329929.65104829695,7276215.888393793,0,,218,s0,45.0
329602.5054216945,7276146.532510985,0,,140,s0,30.0
310683.6195775856,7250012.262066175,0,,356,s0,40.0
310663.89551803074,7249888.357286634,0,,340,s0,60.0
310580.00229815993,7249763.23275537,0,,360,s0,15.0
310652.763628229,7249470.54233166,0,,350,s0,40.0
310628.36417495884,7249399.856719511,0,,360,s0,40.0
310593.04722383816,7249366.023606143,0,,350,s0,45.0
310218.2736005803,7248807.037386173,0,,30,s0,80.0
310228.1851054222,7248644.990370374,0,,325,s0,85.0
310272.78687722015,7248526.064577375,0,,2,s0,80.0
310326.3024067012,7247752.6220093705,0,,330,s0,50.0
289425.9896532551,7245818.5756791085,0,,328,s0,20.0
289320.657238215,7245932.20255069,0,,340,s0,60.0
289065.1350151668,7245953.098297424,0,,305,s0,35.0
288502.6117631317,7246358.405798263,0,,340,s0,25.0
288646.94702168985,7247180.448473854,0,,340,s0,25.0
288630.85937946744,7247234.2675191425,0,,345,s0,15.0
289177.8721983824,7246062.416046111,0,,345,s0,55.0
290172.6920834883,7244698.953574936,0,,170,s0,45.0
290190.6185489872,7244623.768878564,0,,170,s0,50.0
289936.2424982989,7246317.124200992,0,,315,s0,40.0
289954.0452761336,7246375.6722837,0,,335,s0,70.0
289873.60706502746,7246401.257075991,0,,335,s0,50.0
290145.1344718506,7246497.587468214,0,,325,s0,60.0
289940.2417327805,7246617.892980378,0,,335,s0,40.0
289719.1953847342,7246373.082810782,0,,340,s0,40.0
289719.1541555147,7246277.012365643,0,,300,s0,35.0
287412.0081506797,7247504.232568556,0,,350,s0,15.0
287143.3997727321,7247526.008136206,0,,345,s0,20.0
287644.3677971002,7247146.165452078,0,,350,s0,42.0
287664.3474778279,7247043.536341935,0,,334,s0,45.0
287348.9686710377,7250322.15898779,0,,315,s0,5.0
287299.4111468202,7250473.858109874,0,,342,s0,5.0
287076.2291250991,7250647.032860658,0,,130,s0,5.0
287049.27346009423,7250886.2741637835,0,,165,s0,5.0
285920.09578802774,7252084.390290732,0,,174,s0,20.0
286113.3453949522,7251712.206047753,0,,155,s0,35.0
286103.6317903707,7251582.202509599,0,,175,s0,70.0
286556.0977585898,7252262.004137938,0,,110,s0,15.0
286063.9857709969,7253205.272138473,0,,352,s0,25.0
286062.79012357304,7253327.917174431,0,,345,s0,30.0
286066.44303259614,7253411.740112514,0,,2,s0,20.0
286225.4888773822,7254124.445043486,0,,4,s0,20.0
314135.52790019277,7246357.995881459,0,,185,s0,55.0
314191.805787512,7246134.421389398,0,,170,s0,70.0
314286.4103591222,7245564.497395778,0,,185,s0,10.0
309704.4255674224,7247490.225419441,0,,8,s0,85.0
298655.299306892,7264094.335700947,0,,18,s0,35.0
298588.0791841921,7263845.516347406,0,,354,s0,90.0
297812.16997346,7265104.550074744,0,,54,s0,35.0
297724.0054062468,7264960.229450789,0,,358,s0,20.0
297799.66927350784,7264581.316577408,0,,6,s0,60.0
297658.27778136294,7264332.847152641,0,,15,s0,60.0
297668.17279451736,7264272.169503401,0,,20,s0,65.0
297660.08362126217,7264015.46175552,0,,35,s0,20.0
297498.7042025422,7263750.405706914,0,,210,s0,30.0
297537.71529190836,7263525.291528253,0,,12,s0,35.0
297361.7737121616,7263260.6953860335,0,,25,s0,25.0
297459.21485421003,7263074.223341877,0,,220,s0,10.0
297383.468528504,7262919.444846592,0,,200,s0,30.0
297353.8906850144,7262810.766967661,0,,205,s0,60.0
297267.0866821087,7262616.49651085,0,,200,s0,50.0
297271.6713715371,7262510.638058033,0,,200,s0,35.0
298269.1134351281,7262714.006662931,0,,180,s0,60.0
298387.42480909184,7263031.821972543,0,,6,s0,25.0
298507.03902644885,7263482.820173165,0,,200,s0,35.0
298587.97198821855,7263685.968822843,0,,190,s0,30.0
293422.0494868339,7265448.84999354,0,,20,s0,35.0
293399.4723651501,7265327.414711341,0,,54,s0,32.0
293299.887303585,7265109.878990108,0,,175,s0,10.0
293302.4764986945,7264929.765651657,0,,190,s0,5.0
293384.9349416564,7264510.411010079,0,,212,s0,15.0
293371.939491045,7264451.942911092,0,,10,s0,50.0
293261.6430777383,7264363.320949837,0,,12,s0,50.0
293256.61311271915,7264279.9279242465,0,,6,s0,12.0
293235.7923558716,7264264.551054164,0,,354,s0,60.0
293205.15079846734,7264296.884472791,0,,348,s0,30.0
293202.32247387373,7264221.839747926,0,,192,s0,30.0
293234.47302078415,7264224.199267653,0,,210,s0,18.0
293264.9331696128,7264054.583792392,0,,210,s0,35.0
293201.6628063286,7263683.469331667,0,,198,s0,45.0
293172.03548777197,7263560.044454443,0,,192,s0,45.0
293056.0659335917,7263126.322737245,0,,192,s0,40.0
312288.9452826866,7261021.031263061,0,,215,s0,15.0
312240.533930824,7260935.95857936,0,,210,s0,5.0
279010.7379354165,7262192.672779206,0,,325,s0,70.0
278931.8581888787,7261929.246398884,0,,156,s0,75.0
278866.03161386296,7261863.039875031,0,,150,s0,60.0
278914.59139092336,7261559.55164918,0,,110,s0,5.0
278374.0845431533,7261404.633182397,0,,120,s0,70.0
277027.78554492083,7261426.768676808,0,,280,s0,30.0
276699.73287544487,7261369.510331584,0,,300,s0,35.0
275599.80321309227,7261380.1981561305,0,,38,s0,20.0
275458.3457541901,7261336.237104278,0,,360,s0,5.0
275299.7864142193,7261298.094868024,0,,28,s0,15.0
274953.18059507513,7260876.480686378,0,,320,s0,25.0
274919.57053372473,7260815.433112435,0,,40,s0,5.0
274859.60675400577,7260657.33529279,0,,352,s0,40.0
278095.77080647316,7260265.295091373,0,,90,s0,35.0
284731.30890755396,7265969.524011971,0,,152,s0,40.0
285676.3074014239,7266622.931012851,0,,150,s0,8.0
286650.9332138522,7267487.465039439,0,,20,s0,60.0
282522.610037768,7265594.330381583,0,,115,s0,40.0
282870.0899164104,7268270.8855765145,0,,312,s0,70.0
281584.90911610157,7266873.759957413,0,,320,s0,35.0
280859.9922064953,7267977.455303432,0,,5,s0,20.0
280865.11287580384,7268044.131731639,0,,2,s0,20.0
281396.61526159954,7266880.878508456,0,,358,s0,50.0
332302.07940241357,7290454.61014319,0,,205,s0,15.0
332224.5519743394,7290410.929034354,0,,212,s0,40.0
331522.35236577573,7289640.405872116,0,,192,s0,5.0
331048.3235147274,7290435.993932471,0,,350,s0,35.0
330999.4916248056,7290601.670209544,0,,192,s0,30.0
336155.4119170296,7287242.613935711,0,,5,s0,15.0
336137.0978968493,7286963.380772812,0,,358,s0,10.0
336010.0789113131,7286898.094061734,0,,345,s0,22.0
336097.06432279083,7286695.635271635,0,,350,s0,10.0
336261.3215411694,7286264.243080266,0,,345,s0,15.0
336273.0553776052,7286248.096366882,0,,350,s0,10.0
336299.4503251937,7286218.0624801945,0,,348,s0,10.0
336300.0522718269,7286149.496436613,0,,355,s0,15.0
336271.90095940104,7286078.830820395,0,,5,s0,15.0
336422.52779715863,7285901.376940619,0,,355,s0,15.0
335381.2260877603,7286171.601937105,0,,352,s0,15.0
334905.49859278766,7286435.378246203,0,,15,s0,20.0
333344.2304337693,7287525.186418908,0,,25,s0,25.0
333184.3187753368,7287796.321230202,0,,360,s0,10.0
333629.91595525277,7288044.660681425,0,,170,s0,15.0
333663.09723270044,7288270.904630123,0,,350,s0,75.0
331618.1938140289,7288237.691390588,0,,14,s0,20.0
331297.89223819325,7287517.937894329,0,,8,s0,35.0
331306.03913235746,7287431.075574903,0,,7,s0,35.0
331321.69799067324,7287292.033876439,0,,355,s0,20.0
331320.8734062441,7287016.319997201,0,,345,s0,20.0
331326.5300554311,7286748.994410549,0,,2,s0,10.0
331240.4599326687,7286726.129064724,0,,355,s0,10.0
331315.1095610814,7286410.453319609,0,,355,s0,8.0
331015.68646300235,7286156.94492051,0,,15,s0,20.0
337166.93788267666,7288611.855230606,0,,354,s0,50.0
337208.18359584315,7288560.16575185,0,,190,s0,15.0
337636.29134000605,7288471.773743786,0,,358,s0,8.0
336388.2580682646,7288969.522428486,0,,348,s0,54.0
335611.68918999494,7289134.2089070305,0,,8,s0,45.0
332867.2578163099,7290779.494014017,0,,16,s0,30.0
332955.89239664713,7290504.739939414,0,,184,s0,10.0
321513.19198789366,7293059.219982436,0,,328,s0,40.0
321497.4094419099,7293056.800474919,0,,292,s0,70.0
321474.9972371126,7293049.431974757,0,,56,s0,80.0
321471.1216902948,7293042.953293473,0,,10,s0,32.0
321468.21090725856,7293024.637021698,0,,264,s0,60.0
321574.54106945504,7292939.144423468,0,,94,s0,60.0
322146.7531885398,7292581.537213378,0,,184,s0,50.0
322122.5928647507,7292680.257119227,0,,344,s0,80.0
322123.7225454182,7292639.065503661,0,,350,s0,52.0
321773.90909284726,7291940.067782626,0,,200,s0,30.0
321829.3623957408,7292267.1112138815,0,,10,s0,50.0
319003.85788093135,7291475.862270325,0,,54,s0,32.0
318926.7262533837,7291285.660985248,0,,106,s0,12.0
318401.7298387422,7290719.556214238,0,,160,s0,26.0
318399.3055605191,7290359.619478319,0,,150,s0,28.0
318562.1115102998,7291948.146138314,0,,187,s0,70.0
318316.6162339171,7291834.069358314,0,,30,s0,50.0
318291.7962425858,7291715.11357142,0,,154,s0,60.0
318293.2062819608,7291700.28658941,0,,132,s0,55.0
318252.7026947788,7291673.512039292,0,,170,s0,70.0
318408.4914310659,7291621.472631762,0,,134,s0,65.0
318260.5362468603,7291522.512774756,0,,96,s0,35.0
318343.2832943703,7291466.094258579,0,,112,s0,15.0
318694.4655570974,7291435.0805713255,0,,90,s0,35.0
319642.7046677696,7289440.866487825,0,,334,s0,35.0
319434.2662156515,7289498.214814739,0,,12,s0,40.0
320172.0548881988,7289509.822452036,0,,350,s0,32.0
323571.7092954966,7288496.088794571,0,,18,s0,28.0
323500.8610013097,7288696.917916385,0,,12,s0,15.0
322826.3014628206,7289235.388312299,0,,2,s0,30.0
324060.250832509,7289148.156068165,0,,10,s0,40.0
286562.9665469076,7277240.2798822075,0,,250,s0,15.0
286499.9518047968,7276996.219559981,0,,250,s0,15.0
286348.46739923174,7276939.711062124,0,,235,s0,40.0
285972.17654062685,7276891.610852788,0,,260,s0,15.0
286990.4888361305,7277323.492944423,0,,265,s0,15.0
286657.5463809895,7278710.900541628,0,,218,s0,10.0
283134.43519286416,7278450.873469439,0,,130,s0,10.0
283073.41594507475,7278543.884537308,0,,128,s0,10.0
289819.01957580936,7276399.551010091,0,,330,s0,50.0
289882.23221817956,7276130.605753118,0,,335,s0,10.0
289233.59761415876,7277005.837602217,0,,330,s0,25.0
288992.74474811455,7276944.140160557,0,,330,s0,20.0
296445.85831113637,7280216.943990719,0,,338,s0,50.0
296612.4408576073,7280562.723608278,0,,348,s0,30.0
278782.8227990928,7281940.803104442,0,,112,s0,25.0
278718.8515390414,7282191.532069286,0,,130,s0,20.0
277279.5476629946,7284055.842594303,0,,348,s0,10.0
276572.0624682341,7286637.24715689,0,,330,s0,15.0
276564.08873679815,7286971.419137152,0,,350,s0,40.0
303702.1188332704,7283533.44892567,0,,294,s0,48.0
303543.35334719496,7282897.84830034,0,,192,s0,62.0
303409.440835823,7282823.073520531,0,,205,s0,35.0
303283.180467961,7282809.106363507,0,,210,s0,45.0
302836.1155277607,7282996.008320158,0,,185,s0,75.0
296084.9459521397,7277872.20125632,0,,354,s0,25.0
264244.0799698633,7274912.143768049,0,,18,s0,10.0
264322.1433778154,7274830.790327304,0,,345,s0,10.0
264328.7812824752,7274684.3001449555,0,,210,s0,45.0
264245.7538762559,7274682.230566217,0,,185,s0,45.0
264151.82546387834,7274635.870002776,0,,204,s0,40.0
263894.67056365963,7275260.27290738,0,,330,s0,35.0
262887.53963301046,7275186.847852868,0,,350,s0,50.0
262779.4943352004,7276593.481536657,0,,340,s0,40.0
266163.61357188295,7272676.618802631,0,,216,s0,50.0
266311.222430627,7272873.248779165,0,,200,s0,50.0
269641.68595847086,7273001.962579757,0,,154,s0,15.0
270063.370189933,7272944.12435255,0,,220,s0,15.0
270060.89643664577,7273626.345488411,0,,320,s0,30.0
308520.1821471655,7276925.234008653,0,,55,s0,50.0
308614.48986838176,7276909.467217937,0,,55,s0,30.0
308804.93588824256,7276958.397258367,0,,58,s0,20.0
308963.1241652204,7276996.569488519,0,,50,s0,30.0
309087.5786931793,7276990.740674957,0,,70,s0,20.0
309243.62305063737,7277029.882707708,0,,46,s0,22.0
309597.9799634181,7277468.783370745,0,,21,s0,50.0
309676.57110540406,7277691.757984908,0,,206,s0,85.0
310168.08939220314,7271763.944574166,0,,205,s0,60.0
310100.14363520313,7271246.429912778,0,,140,s0,50.0
310044.8552491986,7271188.291746633,0,,180,s0,15.0
310039.5531713148,7271027.914390979,0,,178,s0,15.0
309723.4899594476,7270533.035122225,0,,210,s0,30.0
315202.92770680063,7275709.441479661,0,,180,s0,15.0
315744.8363480922,7268446.719785635,0,,52,s0,50.0
315702.6093794542,7268440.611029055,0,,62,s0,45.0
314356.0547600562,7268106.379061013,0,,252,s0,45.0
314676.5294986235,7268444.670202829,0,,222,s0,55.0
313095.66096770926,7268968.843508879,0,,196,s0,45.0
313270.1677705493,7269126.841348875,0,,210,s0,60.0
313240.36728926084,7269205.205398099,0,,276,s0,40.0
313482.1684274018,7269522.860740272,0,,194,s0,30.0
313464.7202208707,7269600.72489125,0,,196,s0,55.0
313304.7673332143,7270016.550251203,0,,210,s0,35.0
312831.49709984136,7269785.847210141,0,,188,s0,30.0
305980.26420370105,7270702.930540532,0,,210,s0,25.0
305969.85794819746,7270614.708497874,0,,200,s0,45.0
305918.5028299228,7270529.345873188,0,,192,s0,50.0
304538.9565874998,7269982.317219298,0,,215,s0,40.0
304566.9677205703,7270070.7892110795,0,,200,s0,40.0
300112.23279804504,7273093.084031757,0,,235,s0,35.0
300001.91989305185,7273053.832021391,0,,252,s0,40.0
299869.98638431367,7273271.297756871,0,,254,s0,35.0
299591.5654516567,7272783.577031015,0,,245,s0,35.0
299400.38555165153,7273373.766899578,0,,276,s0,35.0
299345.63314552355,7273448.311726196,0,,268,s0,40.0
299183.11580029153,7273433.77468517,0,,352,s0,30.0
299097.11989012896,7273421.787125204,0,,250,s0,30.0
304111.83834465116,7271396.809303533,0,,220,s0,50.0
309231.6171013416,7272617.440847477,0,,195,s0,50.0
316220.8936768414,7273431.575132756,0,,14,s0,50.0
316552.42609260743,7273290.383871827,0,,12,s0,50.0
315452.1253672723,7279088.743632488,0,,345,s0,60.0
315304.5659835945,7279737.061669229,0,,178,s0,30.0
314859.14196640917,7278396.59451744,0,,168,s0,60.0
310627.56432807713,7285684.081170651,0,,342,s0,65.0
311072.7244782462,7286496.365832457,0,,346,s0,75.0
311292.69062068907,7285758.106103087,0,,340,s0,65.0
312609.1891376281,7287296.602946499,0,,165,s0,25.0
313340.26569291594,7287948.460262825,0,,12,s0,40.0
316919.56406404776,7273074.667780211,0,,56,s0,50.0
318192.1534601066,7274289.210563538,0,,30,s0,32.0
317896.0699289669,7274065.7760429885,0,,182,s0,12.0
317034.0328745642,7273046.703472264,0,,78,s0,65.0
340247.1070527142,7282539.411258993,0,,8,s0,15.0
339831.24438733177,7284076.818324236,0,,240,s0,35.0
336215.5653511687,7282528.0035810005,0,,286,s0,50.0
335894.5628785682,7282473.284718868,0,,260,s0,40.0
343870.99894979806,7275503.453407839,0,,45,s0,35.0
341628.3766765925,7276317.037805095,0,,22,s0,20.0
341585.1272232608,7275811.010805426,0,,34,s0,45.0
341352.4459889155,7275562.131464096,0,,154,s0,50.0
340661.4112535269,7275765.240121918,0,,54,s0,50.0
340891.3136383451,7276512.76796479,0,,30,s0,40.0
327954.0704426244,7279161.848752098,0,,110,s0,20.0
329800.30673467077,7276284.434441445,0,,195,s0,60.0
328949.12945720495,7273687.153110545,0,,196,s0,28.0
328770.00498156017,7273475.366219155,0,,196,s0,35.0
326268.7270644783,7274815.813375024,0,,190,s0,60.0
326310.49226583855,7274520.133559795,0,,190,s0,50.0
326265.972952483,7274736.2495700065,0,,184,s0,45.0
322173.04918599327,7278866.068957241,0,,196,s0,65.0
320573.0338046258,7273781.973810099,0,,336,s0,45.0
321077.61350878904,7272346.505995414,0,,310,s0,50.0
321124.2849875053,7272181.269628799,0,,295,s0,50.0
321832.92460046697,7270975.934971175,0,,310,s0,40.0
321924.8575185265,7270856.039375577,0,,155,s0,20.0
322292.6469116616,7270877.914922871,0,,196,s0,22.0
322471.4250618463,7270742.292528416,0,,196,s0,25.0
321904.8695919537,7271199.189528357,0,,308,s0,75.0
226979.28726344474,7244371.190292656,0,,174,s0,32.0
226973.1441094436,7244339.476747856,0,,170,s0,32.0
226960.42901753873,7244297.325327658,0,,170,s0,30.0
226964.1066640956,7244219.351199066,0,,170,s0,35.0
226967.6936063628,7244161.013073623,0,,168,s0,40.0
226960.81657222018,7244069.201761549,0,,160,s0,40.0
227023.72411836003,7243971.5716338735,0,,166,s0,30.0
227050.85294609156,7243842.967810808,0,,174,s0,18.0
227063.30417097686,7243684.590048143,0,,168,s0,40.0
227069.22468718246,7243615.424126665,0,,172,s0,32.0
227133.23717645305,7243105.667886069,0,,180,s0,32.0
227158.37875571352,7243021.035112822,0,,172,s0,22.0
227174.82921508228,7242941.001403452,0,,172,s0,40.0
227254.44284176565,7242867.426379428,0,,170,s0,10.0
227315.6764815087,7242736.722983722,0,,180,s0,50.0
227440.34540142404,7242618.597027907,0,,182,s0,35.0
227460.86106203304,7242552.8204165455,0,,164,s0,30.0
227436.61003395694,7242486.054006657,0,,354,s0,35.0
237870.0438387195,7247149.104855416,0,,190,s0,65.0
237910.8030470747,7246877.770084823,0,,190,s0,38.0
237918.00166914694,7246765.512934441,0,,178,s0,40.0
237845.4547310265,7246470.842913674,0,,170,s0,35.0
237866.24250449563,7246387.999776155,0,,170,s0,20.0
238195.45783802724,7245454.4597954955,0,,178,s0,45.0
238270.24764579008,7245249.051605733,0,,0,s0,60.0
238862.1838244433,7245048.822361782,0,,348,s0,50.0
238937.36943273712,7245183.704906825,0,,348,s0,72.0
238948.11376785501,7245326.1159194745,0,,350,s0,75.0
238932.60333473366,7245413.388155465,0,,172,s0,45.0
231921.82159711613,7239054.082574172,0,,2,s0,10.0
232107.59222328127,7243849.056571078,0,,155,s0,70.0
232104.31862309534,7243814.963510621,0,,155,s0,80.0
232310.20086348784,7243906.43489187,0,,170,s0,80.0
232253.95595954108,7243980.599795823,0,,160,s0,80.0
219173.0371723575,7242974.594566371,0,,348,s0,70.0
219150.5012798939,7243102.618507472,0,,360,s0,40.0
219090.40556666313,7243257.476986482,0,,10,s0,45.0
219066.41015976097,7243546.098238463,0,,355,s0,35.0
219034.82857610844,7243636.579821203,0,,358,s0,40.0
219038.4732392868,7243754.83575055,0,,190,s0,30.0
219029.22140198608,7243801.976155258,0,,190,s0,25.0
219031.51374670095,7243942.0376461465,0,,185,s0,40.0
219044.85552277294,7244234.0882001,0,,195,s0,60.0
219029.2791228976,7244451.943856213,0,,182,s0,40.0
218999.08284108707,7244652.752982099,0,,195,s0,55.0
219038.03620954446,7244908.850854115,0,,195,s0,35.0
219084.83962176897,7245072.887464931,0,,195,s0,40.0
219076.3464021471,7245157.290284984,0,,197,s0,30.0
212065.7213354432,7233990.663220373,0,,208,s0,30.0
212106.7031815952,7233810.149963319,0,,202,s0,40.0
212211.821204687,7233660.030519687,0,,335,s0,55.0
212249.73559676466,7233605.831551725,0,,356,s0,50.0
212265.2295381924,7233412.140976879,0,,350,s0,60.0
212270.92741660215,7233189.316332191,0,,350,s0,45.0
212125.89126126945,7232629.600260794,0,,166,s0,40.0
212280.08854961343,7232571.422102772,0,,186,s0,40.0
213622.82534315484,7232352.606641872,0,,162,s0,25.0
213610.1267429425,7232944.576148193,0,,170,s0,30.0
213511.78680386354,7233216.020896411,0,,20,s0,70.0
212868.3470817278,7234212.408084754,0,,215,s0,15.0
211914.21219234157,7234299.340390045,0,,214,s0,40.0
282118.15962088417,7261605.152367229,0,,110,s0,45.0
282629.8060136141,7261615.860187674,0,,145,s0,20.0
283079.60032827995,7262151.121236829,0,,135,s0,25.0
284764.26754720433,7264284.526988236,0,,167,s0,15.0
284781.9548832189,7264175.219237513,0,,158,s0,8.0
285311.3133494999,7264008.263220919,0,,165,s0,5.0
285363.23743103154,7264667.5490252,0,,160,s0,25.0
285379.96000326367,7264711.800018039,0,,175,s0,40.0
285392.19683620404,7264862.679306995,0,,181,s0,30.0
285397.9029604546,7265010.469224785,0,,178,s0,30.0
285511.96772460546,7265416.316615722,0,,175,s0,25.0
280029.57796497236,7273287.874383014,0,,215,s0,50.0
279988.5136603785,7273271.937626896,0,,202,s0,50.0
277614.9391338845,7272369.781258258,0,,104,s0,25.0
277698.33760309545,7272347.845723172,0,,112,s0,5.0
277726.1178525286,7272339.427436687,0,,105,s0,10.0
277832.2748519975,7272306.22419511,0,,92,s0,15.0
277944.33587598207,7272264.792628383,0,,122,s0,10.0
288236.4029258995,7279588.0120081045,0,,214,s0,15.0
289125.403891154,7280434.009807689,0,,182,s0,15.0
288673.37495269027,7283822.3901126925,0,,30,s0,30.0
313044.47901216376,7270070.98917032,0,,32,s0,80.0
314599.0185622411,7269003.746404487,0,,50,s0,55.0
327777.25480337115,7247321.499762969,0,,155,s0,10.0
327413.0441066578,7247926.866542313,0,,160,s0,25.0
327159.3936902674,7248175.695893822,0,,170,s0,30.0
331446.6225317506,7255584.787794597,0,,170,s0,25.0
331190.6055580464,7255792.125591591,0,,177,s0,25.0
331094.85481408227,7256130.5866988115,0,,168,s0,30.0
326024.1305851182,7259463.658261759,0,,204,s0,40.0
326117.2179213781,7260610.90474306,0,,358,s0,20.0
326463.0651228441,7261924.057454624,0,,175,s0,20.0
326543.503333954,7262366.607374869,0,,38,s0,25.0
324550.44153836713,7257243.900087117,0,,205,s0,20.0
324471.23195805936,7257134.892275343,0,,202,s0,35.0
324427.5289832918,7257017.016268661,0,,210,s0,45.0
325074.885481442,7257021.135430216,0,,167,s0,40.0
325214.3639377104,7257154.618260171,0,,198,s0,25.0
324713.11555463914,7251995.368410546,0,,310,s0,15.0
323857.3453419063,7261908.5206171125,0,,202,s0,85.0
324088.98759987066,7262666.076418821,0,,200,s0,50.0
324286.5992584285,7263476.911375712,0,,34,s0,25.0
324353.80288944,7263570.932238037,0,,36,s0,40.0
324430.1758993142,7264042.5862342315,0,,40,s0,55.0
323438.72031868366,7262750.2892775405,0,,160,s0,25.0
318071.9620336424,7263696.64664926,0,,220,s0,50.0
319357.72828888905,7265186.603372876,0,,20,s0,25.0
319248.2729517023,7265060.109120416,0,,200,s0,35.0
310687.9486458418,7250006.453248542,0,,356,s0,40.0
310666.50945067103,7249881.858609421,0,,356,s0,45.0
310659.4427621087,7249866.911651831,0,,357,s0,56.0
310593.426532676,7249874.6500766985,0,,360,s0,48.0
310578.9550759351,7249765.882216081,0,,358,s0,20.0
310648.45105166186,7249467.712907579,0,,320,s0,45.0
310630.6482738287,7249395.457614936,0,,350,s0,30.0
310215.66791378404,7248797.9192421455,0,,30,s0,70.0
310223.0891736479,7248641.151151837,0,,346,s0,90.0
310278.0312341929,7248541.091518684,0,,360,s0,75.0
310304.78899893316,7247751.662204737,0,,308,s0,55.0
289425.8412280554,7245815.146377133,0,,278,s0,15.0
289077.78414031595,7245958.8371293,0,,292,s0,35.0
288347.37549841066,7246180.292052804,0,,322,s0,15.0
288634.5617635567,7247236.6570327645,0,,340,s0,30.0
290173.384734408,7244699.843393818,0,,170,s0,50.0
290199.68073186965,7244625.898445098,0,,170,s0,50.0
290742.0841238247,7244133.468677743,0,,165,s0,65.0
288823.5730065097,7244769.359244086,0,,285,s0,30.0
288643.1456874673,7244922.818008,0,,230,s0,30.0
288203.53499050764,7244981.306102924,0,,240,s0,30.0
287890.34133245255,7244909.00082046,0,,30,s0,30.0
287630.49004114885,7244838.615147263,0,,30,s0,30.0
287413.0966021252,7247505.802249052,0,,350,s0,20.0
287143.13590571587,7247517.029963687,0,,340,s0,20.0
287673.9373947459,7247718.688916583,0,,330,s0,25.0
288088.34054569167,7247747.463059684,0,,342,s0,25.0
288097.62536636856,7247722.008240938,0,,335,s0,20.0
289187.42913192476,7249653.935002822,0,,360,s0,15.0
288224.5866309992,7249568.032488044,0,,350,s0,10.0
288498.9093790438,7250085.027255252,0,,360,s0,5.0
287689.87661177316,7250106.70284326,0,,50,s0,5.0
285923.44360081217,7252083.660439289,0,,136,s0,32.0
286111.6549968738,7251716.835105522,0,,155,s0,35.0
286099.08008432016,7251588.891148144,0,,162,s0,55.0
286525.50567625026,7252298.206768997,0,,110,s0,15.0
288622.2507180258,7253354.421779458,0,,356,s0,15.0
313810.0974092025,7246830.969609027,0,,162,s0,65.0
312174.2868177449,7246872.251206288,0,,165,s0,70.0
311175.3687480255,7247295.685017567,0,,170,s0,55.0
311456.0490420222,7246952.974775244,0,,174,s0,70.0
298657.6246349859,7264094.5856500715,0,,30,s0,55.0
298878.68747472006,7265003.74059421,0,,14,s0,15.0
298932.8626717449,7264673.927726665,0,,340,s0,15.0
298849.67859448434,7264457.56176733,0,,350,s0,20.0
298832.8570721226,7264410.341378904,0,,350,s0,10.0
298640.8113584648,7263907.543721913,0,,10,s0,55.0
298421.7440130502,7263697.846405197,0,,240,s0,30.0
298269.03097668494,7263087.370665768,0,,360,s0,20.0
298309.38613867434,7262783.502517249,0,,185,s0,65.0
298416.9696692041,7262566.3667146135,0,,175,s0,70.0
298567.03578954557,7262123.536851348,0,,170,s0,10.0
293421.2826233122,7265466.4564098045,0,,15,s0,30.0
293421.18367318343,7265425.564733189,0,,15,s0,50.0
293397.0728244591,7265325.495102072,0,,15,s0,50.0
293305.436756797,7265104.090168405,0,,210,s0,28.0
293759.3375019215,7265846.419069502,0,,332,s0,35.0
293914.6644709269,7265997.8582444955,0,,355,s0,35.0
294231.8985926892,7266271.272591792,0,,340,s0,15.0
295465.9221749776,7266211.5047573475,0,,8,s0,10.0
296458.1198815961,7266002.727253392,0,,310,s0,5.0
295784.6900237774,7265434.872838523,0,,330,s0,35.0
312279.47905343777,7261025.450363566,0,,230,s0,25.0
282147.6302683982,7261622.678799774,0,,165,s0,30.0
281785.7119163964,7261819.418753932,0,,110,s0,50.0
281645.7552011572,7261858.430813143,0,,108,s0,45.0
281320.07733483904,7261950.792013293,0,,114,s0,60.0
281054.87449058495,7261879.2365782,0,,128,s0,42.0
279838.32385235507,7262796.22992688,0,,328,s0,50.0
279634.799923441,7263293.058798804,0,,311,s0,35.0
280680.3399968125,7264244.515132603,0,,350,s0,55.0
281721.2706432252,7264546.713620957,0,,290,s0,45.0
282390.80021669425,7263720.471800078,0,,126,s0,40.0
282547.84232131275,7263439.059080818,0,,120,s0,25.0
282905.0770337556,7263484.549821304,0,,110,s0,60.0
283301.9825031036,7263122.793455757,0,,120,s0,15.0
284737.65820766333,7265971.173676185,0,,148,s0,10.0
285670.32916431315,7266623.170964011,0,,152,s0,5.0
286668.4391412926,7267481.7462034905,0,,20,s0,59.0
282859.79085688473,7268275.704595618,0,,320,s0,75.0
281105.14940326475,7267241.825038839,0,,320,s0,35.0
281007.7082612151,7266923.959739403,0,,12,s0,5.0
281260.96287708485,7266855.693634765,0,,6,s0,20.0
333076.4301485664,7290128.796461619,0,,16,s0,0.0
333092.53428247647,7290444.342233192,0,,134,s0,8.0
333095.42857382505,7290677.76472072,0,,165,s0,75.0
333136.85569556965,7290833.772965694,0,,348,s0,5.0
333298.1609016874,7290439.4832222285,0,,142,s0,70.0
333668.6961609771,7289811.521042112,0,,178,s0,12.0
333524.9546032073,7289711.451410997,0,,152,s0,50.0
339719.9419810246,7287836.862978031,0,,348,s0,15.0
339403.2520849905,7288110.917195089,0,,8,s0,5.0
339187.38412716286,7288552.267359541,0,,10,s0,30.0
341355.79380170075,7286791.1958205495,0,,35,s0,25.0
341329.9348339905,7286319.3818569165,0,,30,s0,10.0
344458.64728939964,7286957.092052847,0,,344,s0,30.0
338897.229358074,7288692.478819904,0,,320,s0,40.0
338843.37574897555,7288652.426972342,0,,20,s0,50.0
338739.10704785254,7288870.31262235,0,,358,s0,40.0
334037.96980608813,7287819.216569919,0,,342,s0,5.0
334516.0885959101,7288557.82622806,0,,8,s0,50.0
332852.20915046905,7289544.1454656385,0,,352,s0,20.0
332900.07627660746,7291512.494813826,0,,6,s0,20.0
326984.9446083502,7291733.559816703,0,,40,s0,35.0
327793.01261183387,7290794.33099401,0,,358,s0,25.0
327748.6004944576,7291042.570465582,0,,6,s0,80.0
327607.97586582846,7291036.19176395,0,,282,s0,40.0
327544.77146929904,7290653.369686277,0,,6,s0,40.0
327276.70731708,7289867.909564411,0,,14,s0,30.0
326795.9745946162,7288956.425094439,0,,72,s0,10.0
325742.3123646212,7288317.705104047,0,,348,s0,15.0
325675.3561089367,7287918.206420848,0,,50,s0,20.0
321473.67790202587,7293017.398495078,0,,292,s0,25.0
321457.86237266625,7293009.6600702135,0,,48,s0,75.0
321390.2134660606,7292987.314618565,0,,10,s0,60.0
321464.1621977091,7292897.192962567,0,,308,s0,45.0
321572.2734622742,7292902.78182497,0,,103,s0,50.0
321530.1371979243,7292787.815226088,0,,32,s0,45.0
322174.03044146916,7292685.566038612,0,,28,s0,50.0
322302.4594663814,7292447.924409876,0,,156,s0,45.0
321847.3465821466,7292216.391537725,0,,354,s0,40.0
318138.4317845257,7293330.664730659,0,,80,s0,5.0
318382.0387625634,7293419.786590161,0,,70,s0,5.0
317452.6001768867,7294265.114526112,0,,400,s0,0.0
318174.4248948772,7294354.916247226,0,,176,s0,3.0
319062.46934218844,7294215.744575214,0,,180,s0,15.0
319841.5284654369,7294254.356715821,0,,30,s0,60.0
319874.22323807486,7294100.797972258,0,,171,s0,60.0
319899.5709634365,7293682.953023387,0,,222,s0,40.0
319641.13795735285,7293389.182819463,0,,148,s0,30.0
319564.6247681302,7293134.304699168,0,,334,s0,30.0
319646.6049521216,7289444.785690082,0,,308,s0,35.0
319439.0158219667,7289499.824487096,0,,352,s0,70.0
320179.7812443077,7289492.745927913,0,,2,s0,30.0
328836.1778820426,7295479.027437605,0,,342,s0,30.0
315743.1294583237,7268445.580017632,0,,52,s0,50.0
315700.26755967,7268441.250898812,0,,192,s0,40.0
314354.644720681,7268106.139109854,0,,242,s0,50.0
315057.4710134133,7267604.941127248,0,,222,s0,75.0
342145.02829681133,7280531.489965556,0,,196,s0,60.0
341797.5071889515,7280523.231646514,0,,172,s0,80.0
340357.1560906904,7280712.943031313,0,,12,s0,5.0
342167.20961796795,7278957.560334377,0,,162,s0,60.0
342062.734770734,7282522.084785742,0,,215,s0,35.0
345927.1497000838,7278450.933456805,0,,164,s0,30.0
344179.9872272586,7279297.771085458,0,,168,s0,15.0
344683.64339686,7275375.019550178,0,,70,s0,30.0
345344.63027563284,7276009.140476698,0,,22,s0,35.0
345368.3618155159,7276060.140095873,0,,38,s0,40.0
345698.7645506152,7271561.195842952,0,,198,s0,40.0
345829.3210033546,7271416.6552637685,0,,188,s0,30.0
345778.70801106596,7271335.461790465,0,,188,s0,30.0
345681.1514272004,7271151.729188705,0,,180,s0,25.0
346126.3363149,7269513.612622589,0,,188,s0,5.0
347199.08767444117,7268660.186335038,0,,350,s0,3.0
347348.70851919544,7268922.013040969,0,,184,s0,8.0
340168.21906033286,7273931.183438848,0,,166,s0,55.0
340387.9130899138,7273772.325773865,0,,166,s0,50.0
327953.48498767626,7279160.289069566,0,,110,s0,20.0
329800.5458641532,7276281.445049927,0,,195,s0,60.0
327904.7355561962,7272080.250190986,0,,178,s0,20.0
332338.62498432794,7269622.410477131,0,,216,s0,35.0
334399.13778625056,7268009.198841684,0,,20,s0,65.0
323256.80050182337,7267884.884145618,0,,315,s0,30.0
321810.8587211298,7268783.611212332,0,,32,s0,80.0
321121.89369265863,7268814.204985061,0,,260,s0,3.0
321921.26233040844,7268981.770877505,0,,326,s0,25.0
319086.9512538931,7267869.447287764,0,,160,s0,45.0
318421.2889814045,7269432.589114772,0,,308,s0,50.0
318251.24318033096,7269706.763307411,0,,300,s0,10.0
318366.1490205978,7269276.2209430635,0,,358,s0,30.0
319273.50523525325,7274052.05883508,0,,336,s0,20.0
319652.8305645584,7274409.146150989,0,,288,s0,10.0
228170.97668115306,7244539.805971328,0,,172,s0,40.0
228170.32525945146,7244526.718635216,0,,168,s0,35.0
228172.62585001235,7244461.4719159985,0,,164,s0,20.0
228143.01502314192,7244384.067671411,0,,168,s0,30.0
228106.7745374599,7244197.225702555,0,,130,s0,30.0
228074.14573157736,7243894.297362745,0,,176,s0,40.0
228151.1289339275,7243759.584783094,0,,158,s0,28.0
228293.8067777868,7243682.040566985,0,,170,s0,50.0
229553.78827795543,7242890.281727109,0,,132,s0,5.0
230409.36059045047,7242750.9600855615,0,,280,s0,7.0
237870.57157275476,7247147.895101659,0,,190,s0,65.0
239669.6498813235,7249733.238862311,0,,190,s0,35.0
239680.4436915058,7249060.655764654,0,,160,s0,50.0
239676.39498195468,7249028.882232064,0,,328,s0,40.0
239599.40353376116,7248827.133297481,0,,352,s0,40.0
239620.29025735921,7247471.969137222,0,,157,s0,45.0
233630.74808998354,7234715.285723598,0,,138,s0,10.0
236571.01001995726,7242276.496660795,0,,134,s0,15.0
235322.40778491664,7239230.87658803,0,,338,s0,25.0
236088.1168862721,7238572.590580192,0,,58,s0,5.0
236953.86457062466,7238483.758661618,0,,320,s0,70.0
234914.71675121546,7238817.200790568,0,,2,s0,5.0
223566.90951825923,7236745.79242062,0,,19,s0,25.0
225102.00536754227,7238770.160366248,0,,18,s0,5.0
219019.8953520818,7242681.124301411,0,,188,s0,50.0
218193.43086994468,7242642.572148672,0,,210,s0,5.0
224026.59884610504,7240417.245107006,0,,172,s0,30.0
224881.22288651002,7239920.606196346,0,,12,s0,5.0
229628.74300265923,7260157.676998757,0,,20,s0,30.0
197788.8170454112,7232353.446473096,0,,140,s0,25.0
200573.76025228598,7233107.582970351,0,,146,s0,15.0
200939.27379241923,7232793.58688329,0,,188,s0,20.0
202776.20052636496,7234640.231003947,0,,160,s0,25.0
204057.45630483667,7233603.93193944,0,,198,s0,50.0
205752.2741581585,7232620.792054485,0,,200,s0,25.0
205988.65777660563,7232797.836017665,0,,165,s0,30.0
282135.0800933796,7261577.827929039,0,,98,s0,40.0
282245.2610648647,7261552.972988188,0,,98,s0,40.0
282636.8809480203,7261616.310096096,0,,146,s0,20.0
283083.45938341087,7262149.741517667,0,,128,s0,20.0
284079.09560710704,7263901.464959415,0,,68,s0,30.0
284821.9554739009,7263925.7600142155,0,,92,s0,5.0
284847.9793584992,7263026.353085891,0,,154,s0,5.0
281971.02077527205,7269861.54180306,0,,72,s0,10.0
282410.51603041496,7272694.765108649,0,,348,s0,28.0
280559.579607104,7273344.2229134245,0,,190,s0,75.0
280493.1345937661,7273286.774606861,0,,188,s0,38.0
280501.70202598895,7273122.817979759,0,,224,s0,40.0
280551.1606000771,7273017.779360065,0,,130,s0,45.0
276846.1708243123,7272611.092140142,0,,98,s0,15.0
276676.7846907802,7272639.506356513,0,,98,s0,15.0
288236.8894307118,7279588.901826985,0,,200,s0,20.0
288857.23254295404,7279649.939402954,0,,216,s0,15.0
288757.39186021656,7279766.425692509,0,,216,s0,15.0
289126.11303376243,7280434.459716111,0,,178,s0,15.0
288675.87344350794,7283824.649652769,0,,350,s0,20.0
314560.37853587035,7268858.106049159,0,,226,s0,60.0
314600.1235053787,7269004.8661765605,0,,55,s0,50.0
327313.74764964636,7246667.86280888,0,,182,s0,10.0
327300.76869072247,7246727.740620925,0,,158,s0,10.0
327269.4592199333,7246846.656415961,0,,178,s0,15.0
331569.19700720964,7246028.422964996,0,,172,s0,5.0
331431.0791152511,7249903.594185112,0,,155,s0,15.0
331783.93528437125,7253503.50143441,0,,335,s0,30.0
331450.77019143145,7255584.947762037,0,,212,s0,40.0
331195.0665598104,7255791.075805271,0,,180,s0,30.0
330864.845233286,7255905.452524222,0,,206,s0,35.0
331105.211594516,7256127.167394801,0,,192,s0,25.0
331804.83849967364,7310709.1373928,0,,320,s0,24.0
332050.25131761393,7310294.251841553,0,,324,s0,20.0
332088.7841480102,7310135.43416843,0,,312,s0,10.0
331834.77916031267,7309277.968703045,0,,0,s0,0.0
331814.11507450615,7309138.157161279,0,,287,s0,12.0
331993.89921769535,7309007.823690279,0,,323,s0,15.0
335219.63227710227,7340676.137696623,0,,170,s0,32.0
335116.00675183395,7340938.444304873,0,,175,s0,30.0
335002.98096407007,7341274.615878122,0,,200,s0,25.0
334953.8439779088,7341450.600057052,0,,178,s0,20.0
334827.624839267,7341677.533865333,0,,178,s0,27.0
334277.7424665387,7341759.447192114,0,,172,s0,35.0
334205.23675764445,7341906.247311374,0,,176,s0,24.0
334168.83135507733,7342264.904307782,0,,170,s0,28.0
334148.00235238904,7342315.064097902,0,,164,s0,44.0
334111.50624553254,7342453.415936786,0,,178,s0,48.0
334124.1965999021,7342631.119765686,0,,174,s0,36.0
334099.3848544158,7342744.686649475,0,,172,s0,35.0
333775.94985774835,7342841.946852443,0,,179,s0,30.0
334023.5313327378,7343372.80879703,0,,182,s0,34.0
334157.99631567346,7344130.964476636,0,,189,s0,35.0
334148.9011494148,7343914.87846032,0,,184,s0,35.0
315969.55209687166,7325298.067858297,0,,172,s0,28.0
312817.2235433865,7326432.316985188,0,,357,s0,20.0
312814.13959762047,7326543.384377741,0,,355,s0,26.0
312820.1920473349,7326639.054904283,0,,340,s0,20.0
312807.7490682915,7326827.656514971,0,,336,s0,25.0
312767.3361853986,7326971.457244748,0,,2,s0,20.0
312724.88657895994,7327092.302647019,0,,2,s0,24.0
312742.9944530346,7327160.668731299,0,,2,s0,20.0
312766.65178032103,7327239.302725578,0,,350,s0,32.0
312757.3834513301,7327503.708906463,0,,15,s0,25.0
295084.51889294636,7328155.396257536,0,,47,s0,30.0
294989.28763717116,7327991.2896609595,0,,42,s0,32.0
294951.80202900094,7327919.404293017,0,,29,s0,29.0
294936.01123717503,7327893.359594341,0,,28,s0,30.0
294917.35913737793,7327791.060417043,0,,29,s0,30.0
294843.5340933945,7327729.063036431,0,,29,s0,32.0
294763.2607991714,7327374.495207688,0,,20,s0,40.0
294439.487722884,7327177.495306449,0,,58,s0,30.0
294296.87584578595,7327092.902525067,0,,40,s0,45.0
294273.6967774667,7327135.213912708,0,,40,s0,36.0
294135.1336099142,7327002.4809301235,0,,22,s0,54.0
294034.6909805435,7326533.4064088855,0,,62,s0,35.0
294030.89789216744,7326479.287424648,0,,14,s0,28.0
293538.9508214597,7325385.340094466,0,,176,s0,37.0
293523.5640760044,7325367.383749428,0,,205,s0,50.0
293511.26952215936,7325311.145196624,0,,208,s0,32.0
293510.9479342306,7325290.869323719,0,,200,s0,25.0
293720.7799340333,7325071.014074616,0,,188,s0,30.0
293735.8368457174,7324894.969907897,0,,187,s0,30.0
293697.6585866264,7324682.593136573,0,,185,s0,30.0
293724.50705565466,7324450.220435364,0,,176,s0,32.0
293722.27243184985,7324373.196113442,0,,172,s0,28.0
293679.7815961936,7324205.730200645,0,,186,s0,32.0
293660.08227416826,7324127.896043563,0,,192,s0,38.0
293645.26449196786,7323993.073486304,0,,178,s0,36.0
293640.2015435703,7323879.996502796,0,,185,s0,22.0
293631.8155199221,7323708.711367389,0,,173,s0,36.0
293626.5381795713,7323519.629854384,0,,202,s0,42.0
293291.93006387923,7322902.005570024,0,,198,s0,20.0
293224.5944993568,7322780.270348877,0,,192,s0,16.0
293153.408125549,7322637.41942577,0,,208,s0,22.0
301557.54789460526,7324456.129232566,0,,2,s0,34.0
301523.48431181896,7324246.171968761,0,,8,s0,32.0
301542.5404579863,7324140.863404013,0,,356,s0,20.0
301560.82149479224,7324003.081449132,0,,20,s0,26.0
301519.41086473747,7323890.614341487,0,,38,s0,20.0
301499.10135023895,7323569.839634249,0,,190,s0,8.0
301499.37346309685,7323506.582510054,0,,186,s0,23.0
301449.4283841949,7322805.195275396,0,,188,s0,28.0
301402.70743041695,7322505.656245699,0,,183,s0,29.0
301444.373681642,7322171.674226772,0,,188,s0,25.0
301344.73089917056,7321965.6661591185,0,,292,s0,28.0
301333.3351423509,7321988.111590416,0,,202,s0,32.0
301181.29826521873,7322026.413794115,0,,280,s0,16.0
301172.739078839,7322035.381968669,0,,190,s0,10.0
301107.20110837376,7321882.913003286,0,,232,s0,10.0
300629.29671050387,7321465.647936387,0,,248,s0,17.0
299892.2254264095,7321315.238551788,0,,276,s0,10.0
294091.6945021624,7326092.416171172,0,,130,s0,11.0
294167.0945024084,7326059.052962156,0,,108,s0,10.0
294200.5396468707,7326051.6744640265,0,,128,s0,7.0
294223.41361894936,7326044.245976074,0,,124,s0,8.0
294344.9408721828,7326187.366844235,0,,40,s0,24.0
294371.33581977664,7326204.143429408,0,,42,s0,15.0
294415.7974122205,7326144.855497295,0,,42,s0,18.0
294424.82661172317,7325928.179601045,0,,198,s0,12.0
294451.2875260709,7325862.313008,0,,180,s0,14.0
294442.1841139673,7325718.712237522,0,,190,s0,48.0
294587.4016778652,7325531.150415187,0,,192,s0,24.0
295424.97331224196,7325238.020081008,0,,194,s0,42.0
295430.58048636524,7325349.987290407,0,,182,s0,38.0
295404.97713982547,7325575.071475172,0,,210,s0,15.0
295403.57534629345,7325615.703204703,0,,220,s0,22.0
295472.7497340938,7325894.546446966,0,,11,s0,28.0
295472.0735748624,7325934.428329124,0,,15,s0,30.0
312653.4940590483,7327774.283831721,0,,346,s0,30.0
312572.396180392,7328097.568028159,0,,330,s0,30.0
312493.796792562,7328453.775523156,0,,348,s0,30.0
312544.9952397983,7328842.596379796,0,,346,s0,26.0
313021.18450205086,7325275.192514524,0,,358,s0,12.0
312985.1666541657,7324830.52302571,0,,24,s0,16.0
312414.5459830307,7324538.41248397,0,,16,s0,8.0
312336.35064157157,7324334.883911622,0,,186,s0,20.0
312069.65529950534,7323838.524944054,0,,16,s0,22.0
312100.5524780797,7323707.551603299,0,,32,s0,30.0
312046.60816469416,7323422.709582068,0,,354,s0,18.0
312664.13944403024,7323267.031269934,0,,17,s0,25.0
312642.3209400228,7323218.451158276,0,,359,s0,15.0
312625.8374972745,7322812.133862984,0,,344,s0,27.0
312577.61579983355,7322670.252742477,0,,354,s0,25.0
312527.9345879451,7322600.696900368,0,,17,s0,41.0
312729.7681187801,7322020.684960117,0,,350,s0,8.0
320640.4930568264,7323034.748550368,0,,2,s0,54.0
320680.2215346467,7322841.627859525,0,,12,s0,32.0
320698.7252092452,7322736.409276463,0,,4,s0,38.0
320596.13866036036,7322677.621242598,0,,355,s0,32.0
320601.9272430529,7322556.955803698,0,,0,s0,22.0
320613.5786210455,7322463.39484776,0,,2,s0,44.0
320607.13861665135,7322450.567458738,0,,7,s0,42.0
320618.5838485317,7322284.341293594,0,,9,s0,22.0
320729.72958380135,7321955.318265278,0,,4,s0,22.0
320701.61950059264,7321799.999879885,0,,14,s0,16.0
320518.3968403335,7321169.058306217,0,,348,s0,58.0
215693.1012252433,7341591.631354172,0,,212,s0,72.0
215746.17147913866,7341733.792417694,0,,209,s0,32.0
215774.9494757296,7341802.418449061,0,,214,s0,56.0
215886.74663270038,7341977.342843695,0,,232,s0,72.0
216273.47673020192,7342069.80402345,0,,30,s0,56.0
215661.3794622367,7341327.7350695,0,,212,s0,60.0
215426.4141290129,7341254.010076035,0,,214,s0,44.0
230395.5405556807,7335051.222634189,0,,348,s0,14.0
230402.24442709354,7334744.884988328,0,,2,s0,18.0
230316.47940056602,7334501.31456639,0,,348,s0,22.0
230260.6715263701,7334401.61485998,0,,346,s0,26.0
230321.92165780184,7334277.980025489,0,,356,s0,64.0
230272.75993410626,7334101.265995122,0,,9,s0,71.0
230250.3229917782,7333991.1184153445,0,,4,s0,82.0
230286.80260694242,7333875.431962986,0,,358,s0,82.0
230265.87465411867,7333722.63306476,0,,354,s0,58.0
230292.9787443179,7333263.516516603,0,,170,s0,56.0
230301.4307347241,7333230.983138677,0,,172,s0,62.0
230272.2404459142,7333101.079580173,0,,164,s0,72.0
230375.14858273306,7332889.122723371,0,,168,s0,85.0
230382.35545064567,7332884.603643216,0,,164,s0,36.0
230409.69867033052,7332821.496488493,0,,347,s0,78.0
230461.60626017582,7332831.344483957,0,,182,s0,56.0
230521.92461120366,7332638.30377683,0,,360,s0,72.0
230473.760634669,7332333.81575449,0,,4,s0,70.0
230535.62095857837,7331973.109175267,0,,6,s0,70.0
230339.74917316542,7331613.9622785915,0,,12,s0,80.0
230526.03928750055,7330408.60762503,0,,184,s0,38.0
230775.70696110354,7330719.904261483,0,,9,s0,65.0
230754.9191876335,7331028.181512542,0,,5,s0,59.0
230949.16654172115,7331074.852012884,0,,37,s0,48.0
230924.68463000568,7331277.660731757,0,,358,s0,32.0
230962.58253039262,7331317.722577281,0,,26,s0,30.0
230989.39801604394,7331444.246823635,0,,6,s0,48.0
241803.13015965765,7328587.958212257,0,,160,s0,18.0
241833.90365057124,7328528.4503249135,0,,162,s0,18.0
241852.96804258265,7328357.795061298,0,,172,s0,22.0
241867.85179153798,7328266.1837085225,0,,175,s0,32.0
241870.358528204,7328161.614993183,0,,168,s0,28.0
241867.01896126446,7328076.772262674,0,,162,s0,44.0
241876.7490575327,7327898.9584561605,0,,176,s0,80.0
241902.72346706508,7327661.486792828,0,,192,s0,25.0
241900.24146793046,7327601.928915663,0,,188,s0,34.0
241914.91907077827,7327359.048353297,0,,194,s0,30.0
241820.92469164557,7327259.8185512405,0,,184,s0,30.0
241380.7945064896,7326957.25013819,0,,183,s0,62.0
241285.70343006498,7326884.694906602,0,,180,s0,22.0
241233.03722254466,7326828.216402641,0,,172,s0,73.0
241361.52396837279,7328341.778321486,0,,172,s0,71.0
243482.38810474178,7328994.015560372,0,,175,s0,31.0
243600.62526610584,7329329.947182458,0,,168,s0,13.0
243540.669732228,7329388.7152203955,0,,174,s0,18.0
243522.04236996375,7329480.026634224,0,,168,s0,28.0
243542.14573835727,7329730.2956926795,0,,175,s0,31.0
243335.85120575497,7330267.956253438,0,,26,s0,27.0
243537.84140764017,7330528.593201532,0,,26,s0,30.0
243623.993988843,7330568.48508165,0,,29,s0,50.0
243931.70416044787,7330929.771542822,0,,22,s0,42.0
244122.43878486304,7331014.094379144,0,,22,s0,60.0
244226.12203104506,7331074.692044659,0,,28,s0,32.0
244290.2334704468,7331186.7792296335,0,,34,s0,36.0
243883.8700176827,7330371.1352516245,0,,31,s0,20.0
230473.79361803865,7329901.330879748,0,,23,s0,89.0
230491.1758578173,7329950.200932389,0,,187,s0,76.0
241216.29815862371,7326809.400232619,0,,182,s0,52.0
240996.9587003434,7326652.362197269,0,,166,s0,70.0
241067.73278193607,7326518.219501621,0,,176,s0,70.0
241187.99017515153,7326213.421542358,0,,176,s0,40.0
241239.15563901106,7326128.908744691,0,,173,s0,58.0
246918.07685166976,7327857.546885116,0,,144,s0,12.0
246818.40108581647,7327658.617376647,0,,186,s0,28.0
246708.60766901684,7327576.204151627,0,,210,s0,32.0
246609.5833248604,7327381.06387187,0,,200,s0,18.0
246553.8744007945,7327333.963459024,0,,205,s0,20.0
246435.22494721622,7327172.826258041,0,,217,s0,36.0
246314.82737464612,7326984.384614797,0,,182,s0,28.0
246181.55803913134,7326816.548777303,0,,172,s0,37.0
246017.27608321924,7326625.887585845,0,,188,s0,26.0
246059.60200198847,7326249.184262715,0,,210,s0,15.0
245836.14786740532,7326234.987152506,0,,199,s0,25.0
245811.74841413356,7326166.401112996,0,,196,s0,38.0
245740.7599405858,7325882.758847563,0,,196,s0,35.0
245725.7030288989,7325507.795170333,0,,194,s0,45.0
245567.55598114192,7325043.939586803,0,,210,s0,38.0
233973.67626283248,7328574.980854221,0,,184,s0,54.0
233969.14104847063,7328523.911249291,0,,188,s0,48.0
233962.94017355982,7328447.436815441,0,,179,s0,51.0
233857.5747751405,7327957.466547478,0,,184,s0,52.0
234067.56344598794,7327768.99491032,0,,184,s0,48.0
233984.75043172,7327629.123380771,0,,190,s0,74.0
233959.93868623226,7327487.242260264,0,,194,s0,52.0
233856.73369902064,7327279.274591489,0,,178,s0,60.0
233865.18568942265,7327197.3012769185,0,,187,s0,67.0
233818.1761310902,7326834.4451352395,0,,186,s0,58.0
233437.00373265054,7326996.882071696,0,,189,s0,50.0
233084.700035093,7326981.185266759,0,,186,s0,42.0
233071.93546812236,7326778.116600798,0,,187,s0,50.0
233210.05336008186,7326240.955938289,0,,192,s0,52.0
233218.26622100198,7326095.915460857,0,,190,s0,50.0
234254.95025762648,7328932.458090746,0,,187,s0,40.0
234496.88332927745,7329523.937696766,0,,178,s0,14.0
234624.84234107228,7329671.397681706,0,,342,s0,46.0
234454.80478583334,7328916.90125728,0,,180,s0,16.0
223836.46616861754,7328513.0134682525,0,,210,s0,50.0
223755.91251568153,7328371.012372171,0,,200,s0,55.0
223701.93521891796,7328306.11558173,0,,196,s0,36.0
223657.6467892041,7328187.539717507,0,,198,s0,39.0
223585.421439011,7328082.951006243,0,,200,s0,35.0
223598.11179338314,7328047.838153362,0,,198,s0,30.0
223622.80809705314,7328022.713267458,0,,180,s0,31.0
223811.31634350593,7327596.859948654,0,,200,s0,22.0
223713.00938780623,7327390.122029567,0,,208,s0,32.0
223681.74939207954,7327082.704603497,0,,200,s0,25.0
223046.38235153124,7332180.696921963,0,,202,s0,82.0
222938.24634942965,7332148.223531838,0,,204,s0,62.0
222837.6223114835,7331975.128764786,0,,216,s0,42.0
222802.3218520467,7331865.041172799,0,,205,s0,65.0
222781.08880298707,7331826.938928403,0,,201,s0,49.0
222740.51100320258,7331762.9719487,0,,197,s0,46.0
222740.0162525439,7331715.411629465,0,,192,s0,58.0
222719.99534259044,7331604.294247088,0,,201,s0,70.0
222632.77904746705,7331229.060624815,0,,195,s0,51.0
222603.91034658748,7331175.51152458,0,,198,s0,64.0
222539.62574445334,7331106.645542058,0,,204,s0,52.0
222481.64096736256,7331001.54693458,0,,201,s0,85.0
222476.28116857033,7330958.215754517,0,,199,s0,54.0
221703.21677409735,7330105.949230971,0,,200,s0,67.0
221670.82709769823,7329967.307451106,0,,210,s0,52.0
221579.1745383481,7330737.210739527,0,,203,s0,50.0
320015.2931422959,7317219.362255418,0,,180,s0,22.0
320105.98093786463,7317475.840050105,0,,200,s0,20.0
320101.1488731075,7317696.325170996,0,,180,s0,20.0
320182.09008071886,7317776.888772508,0,,180,s0,28.0
320173.22579809895,7317987.345934562,0,,187,s0,32.0
320168.7730421827,7318010.001323124,0,,181,s0,28.0
320149.89830458607,7318264.419537032,0,,185,s0,28.0
320135.2454392725,7318602.640693095,0,,195,s0,19.0
320137.66971749556,7318707.679312788,0,,182,s0,14.0
320137.98305957735,7318851.0201361785,0,,178,s0,24.0
320115.38944620674,7319326.493354981,0,,172,s0,24.0
320200.7669180496,7320500.19445152,0,,4,s0,24.0
320230.05615698907,7320697.734242868,0,,356,s0,20.0
326295.0807828631,7315135.506418216,0,,178,s0,18.0
319890.38509289786,7316403.388344545,0,,180,s0,35.0
319677.60932668205,7316380.303043492,0,,208,s0,15.0
319672.64532841666,7316236.122391047,0,,210,s0,18.0
319533.11739708256,7316059.878265031,0,,212,s0,15.0
319449.7601570935,7315493.103630366,0,,208,s0,8.0
319390.19217790174,7315338.705057749,0,,194,s0,7.0
319175.6188176257,7315186.975941773,0,,182,s0,4.0
318697.10422727873,7314712.73247266,0,,180,s0,8.0
318593.1406223976,7314434.029201904,0,,212,s0,6.0
317985.05083477986,7314191.92848081,0,,238,s0,4.0
317559.4993023467,7313970.103632617,0,,234,s0,12.0
292015.5145960525,7307763.117046977,0,,22,s0,32.0
292056.7355716884,7307508.248924646,0,,15,s0,18.0
291926.7728197371,7307220.707452882,0,,6,s0,22.0
291926.74808220554,7307188.024105483,0,,0,s0,24.0
292199.56184074207,7307101.981619178,0,,8,s0,26.0
292032.0310221773,7307022.067885389,0,,4,s0,28.0
291988.5259476701,7306950.072539834,0,,15,s0,28.0
291957.14226427954,7306882.586276468,0,,20,s0,26.0
292015.98460917675,7306630.51758432,0,,13,s0,18.0
291821.6877800274,7306576.24863061,0,,6,s0,28.0
291763.076318771,7306420.610310342,0,,354,s0,14.0
291733.58093372174,7305937.128721619,0,,344,s0,22.0
291706.7407105401,7305733.9800719395,0,,20,s0,18.0
290868.1218539382,7304606.339599904,0,,11,s0,28.0
264433.990009913,7319066.566263139,0,,172,s0,34.0
264386.73307625204,7319256.147674393,0,,164,s0,14.0
264347.9281329937,7319383.821686719,0,,164,s0,42.0
264313.18839097273,7319566.404522512,0,,178,s0,16.0
264295.41035067197,7319804.126134966,0,,165,s0,16.0
264135.26780859707,7320047.456605757,0,,162,s0,16.0
264100.47034566646,7320086.8785815295,0,,160,s0,12.0
263980.88086583954,7320018.1825644085,0,,164,s0,11.0
263847.08379629103,7320131.639470587,0,,174,s0,4.0
266391.23185789236,7317495.476053949,0,,176,s0,28.0
261672.267100709,7321002.132284358,0,,133,s0,5.0
261328.8606691512,7321242.683320902,0,,132,s0,12.0
261851.48228064153,7320890.784948781,0,,144,s0,28.0
262285.5270327026,7320595.555041961,0,,164,s0,24.0
258969.76584523276,7320027.860594628,0,,183,s0,27.0
258970.35954602325,7319969.132548552,0,,186,s0,26.0
258931.31547328038,7320603.763371285,0,,183,s0,38.0
258843.4972315253,7320520.600298893,0,,202,s0,22.0
258765.40084019766,7320803.832647769,0,,181,s0,26.0
258768.16319803617,7320994.033932848,0,,188,s0,20.0
258686.71074807987,7321271.127531251,0,,176,s0,24.0
258671.65383639606,7321135.015236514,0,,194,s0,12.0
258603.01542847327,7321537.093394671,0,,152,s0,8.0
258716.55245859124,7322038.90125313,0,,88,s0,18.0
258880.40563060026,7322738.468858164,0,,15,s0,19.0
258976.9314839304,7322950.875623379,0,,358,s0,20.0
258984.47643146227,7323009.173756961,0,,24,s0,26.0
259045.30602483655,7323120.691057935,0,,42,s0,28.0
259364.75827871342,7323260.962506078,0,,34,s0,22.0
259469.66190985305,7323344.965407527,0,,15,s0,28.0
257386.7781322986,7307220.047587951,0,,144,s0,39.0
256573.56472196404,7308366.284274818,0,,158,s0,21.0
256798.0166037075,7308918.581856237,0,,350,s0,75.0
256334.65787517204,7308940.727348603,0,,344,s0,90.0
256215.7033253545,7308901.55532196,0,,174,s0,85.0
255892.4085080338,7308951.81509174,0,,9,s0,75.0
255640.8525360891,7309086.867602202,0,,184,s0,88.0
255435.48153804906,7309369.9999714345,0,,184,s0,68.0
255723.26150398407,7308931.81916186,0,,357,s0,72.0
256112.11078345007,7301915.087397289,0,,197,s0,20.0
256240.7706920039,7301911.548117695,0,,190,s0,17.0
256271.90700006412,7301789.852888405,0,,236,s0,40.0
255973.66305771456,7301276.697339743,0,,208,s0,17.0
256010.95901146674,7302040.881792208,0,,244,s0,14.0
255518.13788127617,7310009.8397339005,0,,190,s0,78.0
255526.952688829,7310028.725889677,0,,189,s0,65.0
255459.2295696238,7310379.614467327,0,,30,s0,36.0
254799.9495806114,7310545.16077088,0,,24,s0,18.0
254751.76086654232,7310243.562160406,0,,183,s0,87.0
254759.3387974495,7310128.775524893,0,,202,s0,82.0
254778.08160153587,7310049.651630333,0,,12,s0,82.0
255503.18816556237,7307877.243817629,0,,204,s0,22.0
254867.0047864215,7307923.834334287,0,,183,s0,23.0
254845.30997008004,7307991.830493866,0,,177,s0,40.0
263782.82393166755,7305598.867574247,0,,191,s0,50.0
263980.4603277596,7306352.584157413,0,,170,s0,36.0
263846.55606223573,7307146.0726451315,0,,142,s0,12.0
263727.53554566484,7307413.908127997,0,,190,s0,23.0
277297.5071118966,7306577.988276737,0,,26,s0,68.0
277345.3577463464,7306781.956759544,0,,15,s0,87.0
277396.8860273543,7306816.899647018,0,,25,s0,74.0
277317.4950384701,7307356.899731565,0,,5,s0,60.0
277388.63193721254,7306818.429335655,0,,13,s0,76.0
277391.9962416863,7306689.065667255,0,,24,s0,68.0
290998.74427343195,7307316.887875646,0,,14,s0,19.0
290849.2718538762,7307217.288148885,0,,14,s0,25.0
290788.2113768641,7307241.313258644,0,,10,s0,21.0
218283.47548986168,7296856.037154697,0,,175,s0,60.0
218270.84285640222,7296974.942951767,0,,180,s0,50.0
218282.3623008834,7297043.129072679,0,,188,s0,58.0
217969.6469017928,7298255.992197928,0,,185,s0,35.0
217947.63874336513,7298336.0259073,0,,180,s0,30.0
217385.6844545742,7299041.7222649045,0,,30,s0,25.0
217082.732135123,7299355.988296993,0,,360,s0,40.0
216535.52966177225,7299054.0897476245,0,,140,s0,5.0
216681.571810105,7298764.168760188,0,,195,s0,5.0
221649.30544397054,7297178.091601131,0,,185,s0,45.0
221584.71574559942,7297333.549958037,0,,180,s0,50.0
221447.2657670232,7297861.672460242,0,,190,s0,35.0
221371.2308367691,7297969.690473495,0,,180,s0,30.0
220304.53192690806,7299156.518898101,0,,185,s0,30.0
220363.06917556876,7299286.052531899,0,,190,s0,30.0
220404.4962973151,7299561.3364986405,0,,200,s0,45.0
220469.0447664723,7300164.633699235,0,,285,s0,30.0
220411.3980689937,7300521.421076201,0,,360,s0,40.0
220312.01090768928,7300582.298684749,0,,5,s0,45.0
220568.67930310435,7300740.366510477,0,,5,s0,50.0
220648.97733486246,7300960.551692413,0,,5,s0,65.0
220688.41720813292,7301101.453012353,0,,8,s0,65.0
220774.7759354483,7301216.119672278,0,,5,s0,75.0
220597.13571176142,7298628.826308373,0,,185,s0,32.0
221053.18862225895,7297878.908951839,0,,185,s0,25.0
224127.9155351689,7298723.407056424,0,,220,s0,35.0
224390.82603471546,7299551.698460083,0,,10,s0,40.0
224721.4101784032,7300420.541609546,0,,10,s0,60.0
224744.16870866012,7300300.276089243,0,,12,s0,65.0
224592.5358778967,7300246.427050073,0,,5,s0,85.0
224467.058865235,7299883.840853453,0,,12,s0,85.0
224431.89858515537,7299854.21688333,0,,10,s0,65.0
223939.29184689187,7299070.746356531,0,,185,s0,30.0
217574.12673426978,7296757.987112569,0,,185,s0,30.0
217780.9737384416,7296915.22510721,0,,185,s0,30.0
217662.2748097955,7296947.648507532,0,,185,s0,55.0
216630.93408027454,7297026.422473423,0,,192,s0,40.0
216342.44497171987,7297067.714068666,0,,185,s0,40.0
215950.30560036213,7297104.126657031,0,,185,s0,35.0
215730.46314557566,7297128.061785128,0,,60,s0,35.0
215767.40452802228,7296892.90964966,0,,60,s0,55.0
215822.43729285564,7296646.159874858,0,,190,s0,50.0
216028.01443700917,7296508.647865009,0,,190,s0,35.0
216130.35361056996,7296291.452074572,0,,210,s0,30.0
216416.32773661264,7296329.374355573,0,,95,s0,42.0
216374.10901381588,7296424.415010327,0,,65,s0,35.0
216548.4344080863,7296572.704826345,0,,60,s0,35.0
216011.74538620352,7294333.160679132,0,,200,s0,15.0
217874.51459614135,7296861.905960158,0,,195,s0,55.0
229563.4441618026,7302854.076270228,0,,65,s0,30.0
229452.38088497415,7302520.754116997,0,,300,s0,20.0
229467.8335971866,7302419.304766718,0,,205,s0,30.0
228049.68031173368,7303269.171778852,0,,210,s0,25.0
226755.67645800015,7302520.874092781,0,,212,s0,65.0
251510.12157341602,7295841.003759613,0,,10,s0,22.0
251965.0035740154,7295168.16071485,0,,60,s0,3.0
251935.59889325398,7295126.969099284,0,,15,s0,35.0
251479.73563718158,7295179.198468167,0,,8,s0,50.0
253162.8526373893,7293170.457341542,0,,15,s0,85.0
253292.74117674204,7292966.178921817,0,,15,s0,55.0
253952.92820862716,7292381.677895283,0,,55,s0,20.0
253743.30235493134,7292108.1435724115,0,,185,s0,40.0
253796.31488791082,7292993.763307076,0,,10,s0,75.0
232807.72212511994,7304393.582907878,0,,330,s0,70.0
232337.64303347486,7304213.969467705,0,,0,s0,45.0
232052.64191706147,7304084.7557688,0,,15,s0,45.0
231965.39263856463,7304283.815250825,0,,10,s0,42.0
232218.01232442778,7304455.320341442,0,,25,s0,42.0
232564.214097208,7304527.7356015025,0,,330,s0,58.0
232642.22803009057,7304526.115931176,0,,320,s0,55.0
227018.19940286124,7302638.250201194,0,,195,s0,50.0
238652.54147917766,7295455.10230937,0,,205,s0,45.0
238747.99537275147,7295489.685270105,0,,182,s0,32.0
238804.28975176404,7295719.828425128,0,,190,s0,20.0
238844.33981750975,7295868.978066148,0,,194,s0,12.0
238785.3902766375,7295966.748165331,0,,192,s0,15.0
238745.52986530977,7296047.3517587045,0,,190,s0,10.0
238685.18677675046,7296231.094358433,0,,295,s0,5.0
238793.10838689827,7296288.082758603,0,,30,s0,30.0
238895.9505569626,7296465.666611919,0,,15,s0,50.0
240033.7698738738,7297685.748267761,0,,10,s0,65.0
239940.7567502107,7297831.208659725,0,,14,s0,35.0
239765.19447929994,7297808.56326914,0,,15,s0,60.0
239729.45699011983,7297825.52981565,0,,5,s0,70.0
246873.4420964501,7306517.6105674,0,,285,s0,45.0
246959.5616942792,7306285.097894677,0,,210,s0,42.0
246975.2205526006,7306261.442709621,0,,210,s0,25.0
247100.47492745842,7306716.850012776,0,,305,s0,28.0
247019.64916166704,7306880.966607323,0,,330,s0,80.0
246957.7476085381,7307020.158275264,0,,340,s0,75.0
212565.98021750996,7303437.757465164,0,,10,s0,20.0
212349.77418005682,7303174.381074691,0,,12,s0,18.0
212046.68168125296,7302909.00509124,0,,5,s0,22.0
212079.07960349438,7302769.883409051,0,,5,s0,30.0
212030.36315539124,7302649.157982369,0,,10,s0,22.0
211841.67350035202,7302118.95590349,0,,4,s0,40.0
211875.78655820555,7301995.381056788,0,,350,s0,75.0
212420.21018203103,7301794.232000035,0,,345,s0,68.0
212461.88467910478,7301503.7511265725,0,,354,s0,32.0
212464.92739564955,7301310.370488641,0,,358,s0,28.0
212489.10421112407,7301110.991071742,0,,2,s0,32.0
212407.8249238982,7301615.168447904,0,,355,s0,52.0
212388.68631928554,7301975.495104458,0,,354,s0,48.0
220353.23188335326,7307370.436978835,0,,200,s0,85.0
220296.08818237862,7307762.817110999,0,,5,s0,35.0
219913.31609014625,7308332.071241003,0,,20,s0,36.0
219836.5307880587,7307983.70215053,0,,208,s0,80.0
219712.00204749173,7307962.946375321,0,,208,s0,90.0
219483.17162242654,7308048.408979677,0,,330,s0,35.0
219485.5794089585,7308019.074950532,0,,335,s0,25.0
220609.8425578517,7306476.548927138,0,,200,s0,80.0
220538.1284500049,7306322.940193757,0,,222,s0,82.0
212185.0716860835,7303894.234550617,0,,10,s0,15.0
202791.414109445,7305181.322568759,0,,15,s0,38.0
203140.05665213853,7304577.025571617,0,,10,s0,36.0
203252.464001589,7304400.131577862,0,,10,s0,38.0
203698.11890243297,7304068.82901348,0,,14,s0,35.0
203643.21807110636,7304042.394394177,0,,8,s0,42.0
203637.99020582205,7303774.328958122,0,,10,s0,34.0
203898.09711830848,7303445.765836159,0,,6,s0,28.0
202632.65686920634,7305643.37851863,0,,10,s0,36.0
203611.37262042903,7303262.903057389,0,,70,s0,20.0
203783.0510986799,7302961.644377697,0,,330,s0,10.0
203874.22539906605,7302842.388651844,0,,330,s0,10.0
204558.93557190686,7302082.173391368,0,,340,s0,15.0
204567.47826659767,7301902.6399348825,0,,335,s0,8.0
204472.4449110811,7302216.386072776,0,,335,s0,10.0
204438.81011219585,7302410.686523486,0,,336,s0,12.0
203700.77406428783,7302412.356183734,0,,330,s0,10.0
202716.3686805066,7305989.598046633,0,,12,s0,34.0
206993.3891669559,7309365.9008094,0,,230,s0,15.0
206766.07597723603,7309665.719782143,0,,225,s0,14.0
206490.6070568256,7309422.529282901,0,,75,s0,5.0
206435.35990003526,7308815.082926857,0,,80,s0,16.0
206634.6866942133,7308908.803850208,0,,82,s0,8.0
207125.70198453544,7309110.012894627,0,,225,s0,12.0
200103.9780113186,7289107.154419592,0,,70,s0,15.0
200886.45915999432,7289762.720980797,0,,20,s0,12.0
201327.41392959608,7290658.628621323,0,,50,s0,16.0
201081.77022800234,7290343.732717509,0,,30,s0,26.0
201096.92608982,7290294.172805284,0,,30,s0,16.0
200807.76906787255,7289651.393641168,0,,32,s0,18.0
211270.67352033162,7295126.469203997,0,,160,s0,10.0
211309.71759307274,7295024.280004309,0,,170,s0,8.0
211340.63950918394,7294976.4697359465,0,,176,s0,12.0
211494.8038141493,7294858.363776055,0,,70,s0,18.0
211683.2048646356,7294689.078233616,0,,175,s0,8.0
211757.3844799195,7293918.705040842,0,,182,s0,8.0
211303.195130228,7293526.0149718225,0,,115,s0,8.0
211089.16599567328,7293654.308857998,0,,110,s0,5.0
210235.30057293404,7293755.758208375,0,,95,s0,8.0
232648.65154277487,7296279.494507104,0,,150,s0,32.0
207829.2456656798,7293559.618132415,0,,230,s0,5.0
335883.86801852245,7312492.894314231,0,,5,s0,15.0
335939.4202715451,7312211.541582765,0,,10,s0,14.0
336076.91972518084,7312120.210173009,0,,14,s0,5.0
336138.98619520146,7312081.937963206,0,,10,s0,12.0
335926.6474587312,7312035.277460817,0,,8,s0,16.0
335646.6433239693,7312167.380571611,0,,12,s0,15.0
337071.16240118025,7310345.001511591,0,,200,s0,15.0
337926.4708466353,7310279.974747598,0,,212,s0,10.0
337985.2802081534,7310444.581242423,0,,255,s0,16.0
337980.26673482073,7310545.870625261,0,,265,s0,12.0
338143.42725590663,7311188.379844369,0,,10,s0,10.0
333852.8670933321,7304733.283760503,0,,200,s0,20.0
333969.85088636016,7305018.11578377,0,,195,s0,14.0
332915.28985933727,7304923.784984533,0,,320,s0,20.0
320756.1245313843,7301369.16851647,0,,5,s0,18.0
320827.79741000547,7301229.626919758,0,,5,s0,20.0
319957.29187351116,7299825.432739422,0,,315,s0,15.0
328440.0145386857,7300226.931015577,0,,185,s0,18.0
328947.9750390099,7300104.855863619,0,,190,s0,10.0
327592.5973662208,7301112.910676984,0,,310,s0,5.0
334796.1669432742,7307427.975263845,0,,285,s0,15.0
334797.5687367999,7307394.981979532,0,,290,s0,12.0
339506.62198908627,7297325.831525951,0,,160,s0,58.0
338558.1190113975,7291364.414955039,0,,2,s0,48.0
338526.661115407,7291578.371404823,0,,182,s0,22.0
333736.22137991677,7292944.683296004,0,,100,s0,10.0
287240.09878883814,7303241.207468647,0,,190,s0,50.0
286816.5427507247,7303271.471308535,0,,185,s0,65.0
287557.539056705,7302353.888079936,0,,10,s0,80.0
288029.96821396274,7302223.624594685,0,,14,s0,78.0
281038.1354267039,7302566.524798449,0,,195,s0,42.0
281250.7957511013,7302452.827941112,0,,195,s0,52.0
309225.5069307327,7297907.183193626,0,,185,s0,20.0
309164.22381591954,7297983.1277353335,0,,178,s0,20.0
309143.4772716726,7299413.676551264,0,,10,s0,60.0
318028.26730472967,7298888.1435219385,0,,10,s0,65.0
318374.78241958574,7298894.50222764,0,,20,s0,60.0
211104.65169105277,7245123.997062586,0,,25,s0,75.0
212595.1375227027,7245806.018238975,0,,190,s0,24.0
212776.3152135808,7245547.390881803,0,,190,s0,18.0
212875.5457038458,7245435.163725305,0,,160,s0,26.0
213098.67000466306,7245812.097001603,0,,190,s0,32.0
213571.6516335085,7246289.129902882,0,,195,s0,32.0
213588.06910950295,7246544.90784002,0,,195,s0,30.0
213848.86867291154,7246921.281230276,0,,190,s0,32.0
202021.7717400411,7245802.259005536,0,,195,s0,42.0
202194.73657000298,7245433.134139809,0,,198,s0,48.0
231966.96759469976,7260566.423799358,0,,78,s0,16.0
221794.73739969253,7258727.728061374,0,,355,s0,68.0
211669.70641737583,7260546.9277695855,0,,25,s0,78.0
197079.31161898532,7273287.784407087,0,,335,s0,70.0
228584.34910181403,7324324.81596336,0,,178,s0,18.0
228513.82239554706,7324279.685149612,0,,175,s0,20.0
228374.51710200455,7324141.023373827,0,,175,s0,12.0
228408.16014673264,7323870.668403796,0,,176,s0,12.0
228536.30056709627,7323337.776872315,0,,172,s0,12.0
228346.97598205548,7323215.111840442,0,,174,s0,14.0
228647.3308605487,7322944.097004705,0,,195,s0,15.0
228806.40968870884,7322739.088733534,0,,192,s0,10.0
229140.27567842044,7322447.868010645,0,,192,s0,10.0
228911.70912037208,7322719.712677466,0,,194,s0,10.0
228358.6850809523,7322555.296144016,0,,192,s0,12.0
227868.18927882897,7322057.32750413,0,,200,s0,10.0
227718.05719172588,7321525.745706079,0,,200,s0,12.0
228114.69879406062,7319895.607515961,0,,198,s0,8.0
228814.5978120804,7318009.691388678,0,,200,s0,6.0
197180.74374982686,7300435.938478811,0,,200,s0,38.0
197226.2608103443,7300524.510450235,0,,200,s0,55.0
205589.9794510369,7300350.375893602,0,,205,s0,48.0
205692.6979334409,7301031.667218709,0,,345,s0,28.0
205542.0875873685,7301522.737262842,0,,342,s0,18.0
206963.36604782718,7299786.060758136,0,,200,s0,64.0
207039.87923705368,7299914.92452828,0,,215,s0,65.0
212231.80088568863,7298576.107040085,0,,10,s0,12.0
295500.81858807686,7322935.548742384,0,,185,s0,22.0
295262.62912974256,7322660.024824481,0,,195,s0,26.0
294885.7198328104,7322048.359327228,0,,198,s0,16.0
294844.2432359996,7321873.944828793,0,,198,s0,22.0
294659.49509454286,7321179.406200124,0,,198,s0,20.0
294868.0984635489,7320709.041941404,0,,210,s0,20.0
294902.13730880106,7320231.269190665,0,,205,s0,18.0
294964.7067753191,7319965.623262124,0,,205,s0,18.0
295218.79422145896,7319424.893326134,0,,208,s0,18.0
249274.07123814107,7327088.943332041,0,,100,s0,28.0
237295.8609629835,7304992.031095195,0,,190,s0,42.0
237192.6642216153,7305102.378634278,0,,175,s0,22.0
237451.60022420762,7305358.356530704,0,,190,s0,34.0
237457.38056105812,7305391.489786524,0,,355,s0,45.0
237369.41389410628,7305420.443893005,0,,175,s0,28.0
247410.37024780142,7307239.393650517,0,,350,s0,22.0
217031.5996546758,7308418.3536787415,0,,290,s0,20.0
233971.1035594138,7328467.872655784,0,,184,s0,48.0
233986.40784642892,7328868.041202633,0,,182,s0,46.0
232817.60064665973,7329951.480671741,0,,10,s0,26.0
224928.1582325452,7331292.72766538,0,,185,s0,38.0
216863.05459722388,7299567.065332895,0,,354,s0,5.0
218006.9593472322,7298142.005399608,0,,182,s0,45.0
205558.76893037988,7301273.977897089,0,,342,s0,15.0
210409.10647902446,7296502.6490866635,0,,212,s0,34.0
210593.3268864522,7296700.228869848,0,,214,s0,50.0
210661.15720163472,7296787.5410976885,0,,210,s0,60.0
210693.6953032298,7296834.331573618,0,,224,s0,40.0
210754.75578024384,7297009.185982502,0,,220,s0,42.0
210796.76835693634,7297088.649807866,0,,204,s0,38.0
210832.54707533907,7297150.35724749,0,,204,s0,45.0
210910.52802484902,7297322.13228317,0,,195,s0,62.0
210922.94626636006,7297404.315555002,0,,200,s0,32.0
210944.48441166343,7297531.909583602,0,,202,s0,52.0
211050.46824840643,7297753.804417538,0,,206,s0,62.0
211171.25337566034,7297882.778165292,0,,202,s0,42.0
211211.59204596165,7297984.707417883,0,,202,s0,65.0
211237.4839970526,7298043.995349992,0,,202,s0,45.0
211301.45525710238,7298166.810351347,0,,200,s0,50.0
211402.3678996018,7298314.770234528,0,,197,s0,32.0
211524.55482038506,7298470.038630081,0,,204,s0,36.0
211544.4602885174,7298528.866655804,0,,222,s0,52.0
212020.32796286372,7298873.856434079,0,,56,s0,20.0
212109.2016726929,7298926.345750021,0,,234,s0,70.0
212355.826629753,7298949.571022555,0,,50,s0,70.0
211362.40029229334,7296959.166163821,0,,195,s0,35.0
211248.5499200892,7296616.495913371,0,,202,s0,52.0
211327.6110752059,7297007.226381307,0,,216,s0,54.0
211369.6978644936,7297068.733861633,0,,195,s0,60.0
211758.3162603429,7297244.658052727,0,,198,s0,50.0
211481.4455464026,7297711.6729932185,0,,210,s0,80.0
211543.5367539606,7299147.770679682,0,,230,s0,50.0
211603.70667979086,7299179.264269246,0,,232,s0,42.0
211742.64091034496,7299394.8503872985,0,,234,s0,62.0
212059.19887288281,7299826.022623401,0,,42,s0,30.0
212224.88262233016,7299930.8512858115,0,,36,s0,20.0
212264.82549210248,7300112.254361736,0,,30,s0,20.0
212277.18601270614,7300173.361923466,0,,20,s0,34.0
212285.7287073937,7300202.136066572,0,,10,s0,18.0
212353.1632220514,7300360.383855686,0,,14,s0,24.0
212329.39045294467,7300470.421457853,0,,30,s0,22.0
212676.33435171732,7301056.392185167,0,,2,s0,10.0
199246.9132010236,7296446.190580135,0,,200,s0,23.0
199445.1268062262,7296794.579666514,0,,205,s0,23.0
199545.03345572384,7296931.861723132,0,,220,s0,28.0
199577.60454069404,7297117.713893456,0,,174,s0,11.0
199424.31429522194,7297169.753301008,0,,202,s0,16.0
199502.90543721372,7297539.188103611,0,,215,s0,32.0
199506.78922987793,7297628.299965147,0,,220,s0,23.0
199557.74854763213,7297737.817673128,0,,215,s0,50.0
199586.7409361794,7297853.744076639,0,,201,s0,42.0
199598.2438889722,7297951.884100519,0,,206,s0,42.0
199639.12678499607,7298086.7966394555,0,,200,s0,35.0
199648.54353918444,7298273.258685645,0,,199,s0,36.0
199649.50005712284,7298446.7833651975,0,,206,s0,18.0
199674.19636079343,7298483.905809027,0,,202,s0,36.0
199702.18275633402,7298604.461270307,0,,199,s0,20.0
199638.30220057175,7298785.694380842,0,,190,s0,40.0
199656.0142741205,7298940.402890368,0,,208,s0,30.0
199723.40755954664,7297169.273398645,0,,192,s0,15.0
199844.51427473885,7299199.420168123,0,,182,s0,16.0
199824.13879348623,7299283.693014633,0,,186,s0,20.0
199740.9959454413,7299387.571870404,0,,172,s0,22.0
199688.3050003873,7299458.517429648,0,,210,s0,54.0
199491.0726506604,7299759.636137835,0,,186,s0,15.0
199506.47588780726,7299875.372580016,0,,176,s0,16.0
199476.77435665333,7300010.665041631,0,,191,s0,28.0
199386.05357770418,7300107.735283278,0,,207,s0,26.0
199394.9673353883,7300137.079310384,0,,12,s0,20.0
199463.51503902487,7300274.801277466,0,,30,s0,60.0
199501.79224825074,7300351.005766256,0,,19,s0,56.0
199515.30718705192,7300407.844196957,0,,14,s0,75.0
199485.04493848863,7300678.819040816,0,,202,s0,68.0
199518.58903308393,7300767.680953225,0,,210,s0,60.0
199622.19806667074,7300951.493538689,0,,14,s0,40.0
217870.35869061382,7296861.596023245,0,,198,s0,60.0
226103.53737013624,7302384.611828623,0,,226,s0,42.0
225861.19200626836,7302217.295885319,0,,202,s0,70.0
225844.89821793634,7302146.5902772425,0,,217,s0,50.0
225873.27216815978,7302055.808755556,0,,219,s0,38.0
225649.41398720234,7301929.6244400265,0,,202,s0,28.0
225569.2561347974,7301588.553863962,0,,20,s0,41.0
225622.99430207972,7301477.866394072,0,,46,s0,65.0
225552.6654960733,7301236.855451157,0,,30,s0,68.0
237321.21693413006,7279647.539893039,0,,3,s0,8.0
236124.80264765088,7280037.050609333,0,,328,s0,62.0
235783.72154417908,7280186.43020357,0,,328,s0,8.0
235479.29321860644,7280578.230453783,0,,232,s0,18.0
235382.4622690351,7281023.289863234,0,,4,s0,15.0
235357.22173964395,7281033.787726426,0,,358,s0,7.0
224960.4736961925,7284456.83097664,0,,10,s0,15.0
224968.5463777567,7284577.586397221,0,,10,s0,20.0
225005.5784644914,7284653.690906366,0,,20,s0,14.0
225040.46663170686,7284107.2421344295,0,,354,s0,8.0
223584.09385792946,7283222.092304239,0,,12,s0,23.0
223579.74829798512,7283113.924321521,0,,14,s0,32.0
222481.12972483813,7279905.887308269,0,,35,s0,22.0
248408.1338992927,7286935.13652325,0,,2,s0,12.0
248710.12145495292,7286759.252323955,0,,342,s0,15.0
248557.63105638223,7286718.950527277,0,,330,s0,20.0
248872.87792966884,7285832.800900455,0,,333,s0,12.0
222204.21778176888,7305307.596863804,0,,209,s0,87.0
222223.9088579446,7305370.164128417,0,,207,s0,75.0
222224.1232498971,7305441.669573691,0,,214,s0,67.0
222245.00172765588,7305531.641260212,0,,211,s0,60.0
222247.6568895207,7305551.537210449,0,,213,s0,68.0
222245.94175390858,7306592.005426154,0,,190,s0,38.0
222285.16723522817,7306730.337269103,0,,186,s0,5.0
222376.33328977018,7306933.985817024,0,,0,s0,0.0
222443.3555122096,7307125.626809048,0,,14,s0,30.0
222426.58346491243,7307472.13627805,0,,19,s0,20.0
222456.89518854662,7307712.597332895,0,,20,s0,22.0
221989.53722551343,7305111.376803849,0,,203,s0,80.0
222529.20299718413,7308167.594719486,0,,12,s0,20.0
222568.37075759086,7308252.277482552,0,,6,s0,23.0
222569.1458669558,7308321.353422344,0,,27,s0,34.0
222615.37207008188,7308538.299263642,0,,5,s0,47.0
222611.2573937765,7308587.429263373,0,,25,s0,44.0
222645.19728890195,7308809.014160406,0,,20,s0,40.0
222679.2938550689,7308986.697993373,0,,2,s0,52.0
222732.4383215577,7309058.353408115,0,,8,s0,56.0
222739.4555350546,7309083.768235,0,,9,s0,52.0
223478.38213413797,7309213.091911476,0,,20,s0,40.0
223534.86616756738,7309244.015617041,0,,15,s0,45.0
246859.0036230874,7306530.997842459,0,,268,s0,50.0
246718.9974327839,7306783.996345352,0,,322,s0,62.0
246670.00062597604,7306852.002502898,0,,316,s0,36.0
246634.9970169367,7306894.003953625,0,,322,s0,80.0
246322.00125914215,7307158.000217964,0,,152,s0,45.0
246275.99769381405,7307187.004314268,0,,330,s0,50.0
246132.0005148684,7307395.001976952,0,,153,s0,86.0
245722.99839192943,7306389.996542919,0,,318,s0,52.0
245703.0022195118,7306230.998906429,0,,184,s0,32.0
214275.3437401639,7306216.821794473,0,,190,s0,38.0
214327.00395468157,7306514.621178264,0,,195,s0,40.0
214221.2510015804,7306901.462437856,0,,191,s0,42.0
214211.33949673595,7306969.658556734,0,,192,s0,52.0
214209.77278632182,7307096.992638252,0,,194,s0,62.0
214019.95345062093,7307466.277471411,0,,189,s0,60.0
213953.0136866212,7307581.214076405,0,,192,s0,70.0
213848.76972302672,7307657.358577424,0,,182,s0,66.0
213862.6227414455,7307901.068970876,0,,194,s0,40.0
213827.22333188308,7308133.701619176,0,,188,s0,28.0
213869.7966259857,7308203.407430757,0,,216,s0,22.0
213843.08009046607,7308373.802747285,0,,190,s0,24.0
213189.33306295634,7307405.629816156,0,,188,s0,64.0
212439.95073329774,7306807.831496358,0,,194,s0,57.0
215094.9641715428,7308523.722231476,0,,307,s0,11.0
215567.9210628518,7308606.095464592,0,,304,s0,18.0
215899.12364485802,7308715.853123704,0,,307,s0,18.0
216536.58512987924,7308696.077148981,0,,337,s0,25.0
216561.71021745063,7308740.038200835,0,,337,s0,15.0
216578.26787279872,7308800.5658805985,0,,336,s0,15.0
216550.46288582718,7308419.9033633545,0,,172,s0,28.0
216534.39998113853,7308344.418728037,0,,181,s0,32.0
216524.61216396128,7308214.975075918,0,,181,s0,26.0
216637.78637692367,7307723.515111161,0,,184,s0,25.0
216606.6335771744,7307439.003022777,0,,184,s0,73.0
201098.91333837755,7306456.742960869,0,,15,s0,22.0
201085.09330333787,7306351.234436827,0,,11,s0,20.0
201065.22081858205,7306224.870157914,0,,12,s0,26.0
201013.07409925223,7306145.156383429,0,,1,s0,25.0
200859.0912028575,7306072.381196631,0,,2,s0,29.0
200915.86384084047,7305996.316679334,0,,2,s0,27.0
200850.88658778125,7305793.268009313,0,,6,s0,29.0
200831.10480731423,7305705.925787574,0,,3,s0,30.0
200964.9183685569,7305556.1062828805,0,,12,s0,25.0
200935.95071754197,7305470.793648025,0,,3,s0,29.0
200966.52630819293,7305389.510193032,0,,0,s0,27.0
201043.83934431878,7305221.414408432,0,,356,s0,25.0
201006.94743693474,7305150.228898043,0,,8,s0,39.0
200726.13520941208,7304406.3403144535,0,,4,s0,17.0
200742.3960143659,7304296.042765198,0,,352,s0,16.0
200690.58737464936,7304186.515059253,0,,347,s0,28.0
200650.81766760722,7303371.690914359,0,,353,s0,15.0
200592.7421862248,7303528.32903113,0,,350,s0,12.0
200932.52869216137,7305699.217153082,0,,2,s0,28.0
201301.63742041826,7308416.484061206,0,,39,s0,11.0
201432.28457745345,7308911.703260752,0,,41,s0,9.0
201491.70413145557,7309085.687846684,0,,45,s0,9.0
201615.95251331705,7309221.240255365,0,,22,s0,6.0
202914.75544838363,7295410.841321943,0,,184,s0,36.0
202898.58534771675,7295488.995413907,0,,190,s0,36.0
202941.80181767343,7295576.827535925,0,,188,s0,25.0
202994.12994558061,7295665.17955212,0,,191,s0,28.0
203003.62091236573,7295845.322884465,0,,173,s0,24.0
202831.54663358832,7296105.209985222,0,,194,s0,7.0
202863.96104751911,7296256.889111369,0,,192,s0,16.0
202864.61246921815,7296336.392928597,0,,190,s0,19.0
202912.56205380405,7296378.204417982,0,,195,s0,26.0
203005.59166915755,7296515.206531586,0,,179,s0,25.0
202994.69890884258,7296636.821777156,0,,179,s0,21.0
202889.94370289933,7296756.3374501,0,,174,s0,14.0
202737.6264670568,7296998.018256693,0,,189,s0,35.0
203708.96218765154,7297319.862746043,0,,140,s0,10.0
204024.73679498356,7297707.783785794,0,,25,s0,32.0
204040.32144070405,7297739.047422169,0,,24,s0,50.0
204057.3326174881,7297779.649157802,0,,200,s0,32.0
204138.24084172526,7297953.743721345,0,,20,s0,60.0
204348.18003751687,7298745.632534637,0,,12,s0,58.0
204414.56732994807,7298833.054740091,0,,12,s0,37.0
204578.13189741323,7299079.394598303,0,,337,s0,2.0
204589.32975396892,7299232.623409021,0,,152,s0,15.0
204559.18294722243,7299488.421342096,0,,142,s0,7.0
204723.90193289192,7299694.869320184,0,,186,s0,40.0
339352.59786348394,7315656.750320491,0,,32,s0,10.0
339496.6939925576,7315942.822091412,0,,36,s0,8.0
339533.55291656253,7316220.695531076,0,,38,s0,12.0
339489.6437956849,7316528.212936798,0,,22,s0,11.0
339664.11761514633,7316796.458336223,0,,28,s0,10.0
340386.6432299026,7316786.680326507,0,,27,s0,5.0
340893.3338702049,7317323.7010175,0,,30,s0,10.0
341311.0436047097,7317439.367473926,0,,42,s0,10.0
341575.0755390717,7318111.2007242115,0,,54,s0,5.0
341795.2395817766,7318494.442716414,0,,30,s0,9.0
342513.59279931686,7319151.04906609,0,,25,s0,8.0
316701.6593826949,7318189.544777591,0,,175,s0,30.0
316690.0739714587,7318307.700727288,0,,172,s0,58.0
316365.31139385793,7318740.932544207,0,,152,s0,76.0
315100.8194168973,7319616.764271202,0,,172,s0,30.0
314077.1967976708,7319837.219398204,0,,170,s0,15.0
314065.05891486706,7320003.665518578,0,,14,s0,16.0
316524.9509394298,7317967.260023009,0,,172,s0,30.0
316509.62191488384,7317896.2744719125,0,,170,s0,34.0
345298.9565440825,7304101.41237607,0,,10,s0,28.0
339950.23192052555,7296547.809890001,0,,226,s0,17.0
339762.78738798865,7296988.160257958,0,,159,s0,9.0
347968.0373925867,7302296.779703822,0,,344,s0,30.0
347961.3994879285,7302207.437889091,0,,348,s0,22.0
348018.65863071836,7301940.022320755,0,,220,s0,42.0
288167.3109965557,7298354.682106728,0,,8,s0,35.0
288215.6811191983,7298174.588764206,0,,10,s0,31.0
288223.7950299841,7298053.503410777,0,,6,s0,38.0
282611.1044387913,7306188.157625544,0,,356,s0,15.0
296868.6062565276,7307550.670289846,0,,2,s0,17.0
317172.8764008317,7301821.206505462,0,,10,s0,3.0
317061.39258594904,7302069.335999423,0,,5,s0,11.0
316966.1613301744,7302487.710840436,0,,12,s0,10.0
316961.84875360737,7303108.104561089,0,,6,s0,16.0
316889.42550315463,7303519.680785941,0,,7,s0,27.0
316738.6172568245,7303202.565333874,0,,4,s0,20.0
316827.25183716294,7301374.167498959,0,,205,s0,17.0
198567.0845678064,7261042.326934308,0,,199,s0,30.0
198422.78229261714,7260903.245244006,0,,201,s0,26.0
208319.4611088934,7247635.665820019,0,,201,s0,11.0
208308.8816906627,7247547.743716309,0,,30,s0,41.0
208304.85771864332,7247493.994656774,0,,28,s0,18.0
208286.97248236532,7247454.922609779,0,,40,s0,30.0
208289.47097318794,7247403.9729804285,0,,36,s0,31.0
208332.49778872821,7247196.905128486,0,,32,s0,35.0
208374.45264450833,7247861.559839936,0,,197,s0,34.0
208363.67532601347,7247931.065692222,0,,186,s0,28.0
208398.96753960493,7248012.749065805,0,,160,s0,32.0
208429.36172167928,7248053.410789225,0,,178,s0,31.0
215675.8014438802,7333902.266502146,0,,220,s0,17.0
215729.21802323207,7334009.854602893,0,,212,s0,18.0
215627.7199257894,7334261.673345926,0,,214,s0,33.0
215664.07585329062,7334291.107354716,0,,220,s0,26.0
215739.45936185058,7334394.916224713,0,,218,s0,26.0
215807.92460704333,7334498.485143552,0,,225,s0,36.0
216119.8813884628,7334732.377535401,0,,224,s0,36.0
216282.21732512483,7334722.1896091085,0,,227,s0,28.0
216480.2495217463,7334830.427577563,0,,223,s0,37.0
216835.53821494366,7335128.346936903,0,,225,s0,20.0
216997.40413848328,7335280.206026409,0,,220,s0,27.0
217235.75026786816,7335502.070866439,0,,228,s0,20.0
217751.52782860614,7335822.865569554,0,,226,s0,50.0
217786.39950413734,7336082.272767967,0,,228,s0,67.0
217801.0771069858,7336112.046707565,0,,226,s0,50.0
217904.3563067965,7336159.976951493,0,,218,s0,61.0
218162.1873662565,7336416.794676963,0,,220,s0,48.0
218247.13605419727,7336382.781600218,0,,222,s0,38.0
218284.68762912124,7336476.082609065,0,,220,s0,35.0
218367.69029781158,7337000.235919166,0,,210,s0,52.0
199466.7721475354,7302162.287085188,0,,340,s0,2.0
199383.9426415764,7302383.811994445,0,,349,s0,6.0
199129.64080347307,7302830.281116985,0,,346,s0,18.0
198971.922539616,7303095.877055724,0,,349,s0,14.0
198881.4326443096,7303432.978439726,0,,336,s0,17.0
198959.24043109093,7303641.745945692,0,,359,s0,10.0
199125.58384808782,7304066.039581924,0,,12,s0,18.0
199126.87019979785,7304119.948608898,0,,348,s0,16.0
199101.79458729335,7304238.2645260375,0,,352,s0,20.0
199035.844324611,7304396.732270397,0,,354,s0,20.0
198929.0359034405,7304941.021481918,0,,354,s0,24.0
198882.2819662803,7304999.559566667,0,,352,s0,28.0
198879.21451220562,7305143.290310691,0,,360,s0,20.0
198885.76995841885,7305259.40667554,0,,359,s0,21.0
198912.29683952243,7305358.526499983,0,,359,s0,22.0
198766.13924936828,7305733.470181303,0,,358,s0,18.0
198810.5018916835,7305948.836344136,0,,6,s0,26.0
199137.89489363518,7306597.304350298,0,,355,s0,21.0
257330.07146108765,7317291.377597878,0,,201,s0,15.0
257342.934978191,7317560.652787691,0,,172,s0,12.0
257364.9183990842,7317689.346592438,0,,172,s0,10.0
257439.17222697142,7317892.415258398,0,,192,s0,20.0
257442.55302313363,7318128.177269722,0,,190,s0,31.0
257397.72036769692,7318841.602054174,0,,184,s0,33.0
257372.90862221128,7319383.061841602,0,,189,s0,34.0
257444.25991290633,7319631.951180895,0,,175,s0,38.0
257451.14519289375,7319971.931978786,0,,181,s0,41.0
247870.19975497804,7305898.236639124,0,,162,s0,34.0
247970.914497211,7306404.503589947,0,,168,s0,45.0
247793.23304431688,7306573.549181214,0,,168,s0,24.0
247457.18190586954,7307041.084015867,0,,323,s0,74.0
251218.6062400235,7302752.007044908,0,,158,s0,31.0
217036.85225749295,7308404.716454558,0,,326,s0,15.0
217537.3750062383,7296924.963125087,0,,194,s0,55.0
203555.3091250349,7298414.959842216,0,,134,s0,20.0
203720.5475988923,7298633.635331431,0,,23,s0,26.0
203798.16573125345,7298679.615972194,0,,26,s0,35.0
203820.34705241304,7298701.591499135,0,,358,s0,28.0
204665.60381371714,7300720.68051929,0,,274,s0,15.0
204556.51953951898,7300311.073893549,0,,212,s0,18.0
204546.99558935442,7300083.050307091,0,,189,s0,57.0
204542.76547123003,7300042.608538897,0,,174,s0,30.0
204432.48554961174,7300231.760037671,0,,196,s0,28.0
317293.0925648147,7273103.391933491,0,,112,s0,73.0
317758.8590798804,7274128.893195676,0,,353,s0,64.0
311523.12073952775,7247908.660248231,0,,346,s0,60.0
309600.53617513657,7247475.158486273,0,,162,s0,30.0
198706.95057873108,7254744.418855264,0,,8,s0,85.0
198710.67770035507,7254754.256852768,0,,187,s0,75.0
198722.74961640447,7254845.88820147,0,,181,s0,65.0
198729.96473016473,7254858.685596595,0,,190,s0,57.0
198745.7637678401,7255029.770772701,0,,193,s0,56.0
198775.011777559,7255136.629022008,0,,197,s0,80.0
198839.26339631923,7255281.2895767605,0,,194,s0,62.0
199004.5430993993,7255792.595501892,0,,193,s0,62.0
198499.3532027565,7260976.650302608,0,,202,s0,25.0
198548.70458087168,7261017.092070794,0,,201,s0,34.0
292273.10652601783,7307236.344270049,0,,19,s0,18.0
195978.1038504974,7234811.156213687,0,,352,s0,16.0
195961.72760372644,7235116.164130209,0,,258,s0,29.0
194832.76432354917,7235431.010044429,0,,171,s0,13.0
